file,class,method,variable,usage
/home/x1/Desktop/ass/ass16/Teknoko-master/src/teknoko/Barang.java,teknoko.Barang,toString/0,kdBarang,1
/home/x1/Desktop/ass/ass16/Teknoko-master/src/teknoko/Barang.java,teknoko.Barang,setKdBarang/1[java.lang.Integer],kdBarang,5
/home/x1/Desktop/ass/ass16/Teknoko-master/src/teknoko/Barang.java,teknoko.Barang,setKdBarang/1[java.lang.Integer],changeSupport,1
/home/x1/Desktop/ass/ass16/Teknoko-master/src/teknoko/Barang.java,teknoko.Barang,getKategori/0,kategori,1
/home/x1/Desktop/ass/ass16/Teknoko-master/src/teknoko/Barang.java,teknoko.Barang,getStok/0,stok,1
/home/x1/Desktop/ass/ass16/Teknoko-master/src/teknoko/Barang.java,teknoko.Barang,setStok/1[int],changeSupport,1
/home/x1/Desktop/ass/ass16/Teknoko-master/src/teknoko/Barang.java,teknoko.Barang,setStok/1[int],stok,5
/home/x1/Desktop/ass/ass16/Teknoko-master/src/teknoko/Barang.java,teknoko.Barang,getKdBarang/0,kdBarang,1
/home/x1/Desktop/ass/ass16/Teknoko-master/src/teknoko/Barang.java,teknoko.Barang,addPropertyChangeListener/1[java.beans.PropertyChangeListener],changeSupport,1
/home/x1/Desktop/ass/ass16/Teknoko-master/src/teknoko/Barang.java,teknoko.Barang,hashCode/0,kdBarang,2
/home/x1/Desktop/ass/ass16/Teknoko-master/src/teknoko/Barang.java,teknoko.Barang,setHarga/1[float],harga,5
/home/x1/Desktop/ass/ass16/Teknoko-master/src/teknoko/Barang.java,teknoko.Barang,setHarga/1[float],changeSupport,1
/home/x1/Desktop/ass/ass16/Teknoko-master/src/teknoko/Barang.java,teknoko.Barang,removePropertyChangeListener/1[java.beans.PropertyChangeListener],changeSupport,1
/home/x1/Desktop/ass/ass16/Teknoko-master/src/teknoko/Barang.java,teknoko.Barang,"Barang/5[java.lang.Integer,java.lang.String,java.lang.String,float,int]",harga,3
/home/x1/Desktop/ass/ass16/Teknoko-master/src/teknoko/Barang.java,teknoko.Barang,"Barang/5[java.lang.Integer,java.lang.String,java.lang.String,float,int]",kdBarang,3
/home/x1/Desktop/ass/ass16/Teknoko-master/src/teknoko/Barang.java,teknoko.Barang,"Barang/5[java.lang.Integer,java.lang.String,java.lang.String,float,int]",kategori,3
/home/x1/Desktop/ass/ass16/Teknoko-master/src/teknoko/Barang.java,teknoko.Barang,"Barang/5[java.lang.Integer,java.lang.String,java.lang.String,float,int]",namaBarang,3
/home/x1/Desktop/ass/ass16/Teknoko-master/src/teknoko/Barang.java,teknoko.Barang,"Barang/5[java.lang.Integer,java.lang.String,java.lang.String,float,int]",stok,3
/home/x1/Desktop/ass/ass16/Teknoko-master/src/teknoko/Barang.java,teknoko.Barang,setKategori/1[java.lang.String],changeSupport,1
/home/x1/Desktop/ass/ass16/Teknoko-master/src/teknoko/Barang.java,teknoko.Barang,setKategori/1[java.lang.String],kategori,5
/home/x1/Desktop/ass/ass16/Teknoko-master/src/teknoko/Barang.java,teknoko.Barang,setNamaBarang/1[java.lang.String],changeSupport,1
/home/x1/Desktop/ass/ass16/Teknoko-master/src/teknoko/Barang.java,teknoko.Barang,setNamaBarang/1[java.lang.String],namaBarang,5
/home/x1/Desktop/ass/ass16/Teknoko-master/src/teknoko/Barang.java,teknoko.Barang,equals/1[java.lang.Object],kdBarang,3
/home/x1/Desktop/ass/ass16/Teknoko-master/src/teknoko/Barang.java,teknoko.Barang,getHarga/0,harga,1
/home/x1/Desktop/ass/ass16/Teknoko-master/src/teknoko/Barang.java,teknoko.Barang,Barang/1[java.lang.Integer],kdBarang,3
/home/x1/Desktop/ass/ass16/Teknoko-master/src/teknoko/Barang.java,teknoko.Barang,getNamaBarang/0,namaBarang,1
/home/x1/Desktop/ass/ass16/Teknoko-master/src/teknoko/ListBarang.java,teknoko.ListBarang$Anonymous3,"isCellEditable/2[int,int]",canEdit,1
/home/x1/Desktop/ass/ass16/Teknoko-master/src/teknoko/cari_barang.java,teknoko.cari_barang,getHarga/0,harga,1
/home/x1/Desktop/ass/ass16/Teknoko-master/src/teknoko/cari_barang.java,teknoko.cari_barang,getKd_nama/0,kd_nama,1
/home/x1/Desktop/ass/ass16/Teknoko-master/src/teknoko/cari_barang.java,teknoko.cari_barang,"caribarang/3[java.lang.String,java.lang.String,java.lang.String]",kd_nama,3
/home/x1/Desktop/ass/ass16/Teknoko-master/src/teknoko/cari_barang.java,teknoko.cari_barang,"caribarang/3[java.lang.String,java.lang.String,java.lang.String]",nama,3
/home/x1/Desktop/ass/ass16/Teknoko-master/src/teknoko/cari_barang.java,teknoko.cari_barang,"caribarang/3[java.lang.String,java.lang.String,java.lang.String]",harga,3
/home/x1/Desktop/ass/ass16/Teknoko-master/src/teknoko/cari_barang.java,teknoko.cari_barang,getNama/0,nama,1
/home/x1/Desktop/ass/ass16/Teknoko-master/src/teknoko/Pengiriman.java,teknoko.Pengiriman,txtCariKeyReleased/1[java.awt.event.KeyEvent],txtCari,1
/home/x1/Desktop/ass/ass16/Teknoko-master/src/teknoko/Pengiriman.java,teknoko.Pengiriman,tableCustMouseClicked/1[java.awt.event.MouseEvent],tableCust,1
/home/x1/Desktop/ass/ass16/Teknoko-master/src/teknoko/Pengiriman.java,teknoko.Pengiriman,tableCustMouseClicked/1[java.awt.event.MouseEvent],model,1
/home/x1/Desktop/ass/ass16/Teknoko-master/src/teknoko/Pengiriman.java,teknoko.Pengiriman,tableCustMouseClicked/1[java.awt.event.MouseEvent],txtIDTransaksi,1
/home/x1/Desktop/ass/ass16/Teknoko-master/src/teknoko/Pengiriman.java,teknoko.Pengiriman,btnHapusMouseClicked/1[java.awt.event.MouseEvent],txtCari,1
/home/x1/Desktop/ass/ass16/Teknoko-master/src/teknoko/Pengiriman.java,teknoko.Pengiriman,clear/0,txtAlamatPelanggan,1
/home/x1/Desktop/ass/ass16/Teknoko-master/src/teknoko/Pengiriman.java,teknoko.Pengiriman,clear/0,txtNamaPelanggan,1
/home/x1/Desktop/ass/ass16/Teknoko-master/src/teknoko/Pengiriman.java,teknoko.Pengiriman,clear/0,txtIDTransaksi,1
/home/x1/Desktop/ass/ass16/Teknoko-master/src/teknoko/Pengiriman.java,teknoko.Pengiriman,data_table/0,ganti,18
/home/x1/Desktop/ass/ass16/Teknoko-master/src/teknoko/Pengiriman.java,teknoko.Pengiriman,data_table/0,tableCust,1
/home/x1/Desktop/ass/ass16/Teknoko-master/src/teknoko/Pengiriman.java,teknoko.Pengiriman,data_table/0,st,2
/home/x1/Desktop/ass/ass16/Teknoko-master/src/teknoko/Pengiriman.java,teknoko.Pengiriman,data_table/0,rs,7
/home/x1/Desktop/ass/ass16/Teknoko-master/src/teknoko/Pengiriman.java,teknoko.Pengiriman,data_table/0,model,7
/home/x1/Desktop/ass/ass16/Teknoko-master/src/teknoko/Pengiriman.java,teknoko.Pengiriman,data_table/0,cn,1
/home/x1/Desktop/ass/ass16/Teknoko-master/src/teknoko/Pengiriman.java,teknoko.Pengiriman,data_table/0,token,6
/home/x1/Desktop/ass/ass16/Teknoko-master/src/teknoko/Pengiriman.java,teknoko.Pengiriman,initComponents/0,jLabel3,5
/home/x1/Desktop/ass/ass16/Teknoko-master/src/teknoko/Pengiriman.java,teknoko.Pengiriman,initComponents/0,comboKendaraan,6
/home/x1/Desktop/ass/ass16/Teknoko-master/src/teknoko/Pengiriman.java,teknoko.Pengiriman,initComponents/0,jLabel5,5
/home/x1/Desktop/ass/ass16/Teknoko-master/src/teknoko/Pengiriman.java,teknoko.Pengiriman,initComponents/0,jLabel4,5
/home/x1/Desktop/ass/ass16/Teknoko-master/src/teknoko/Pengiriman.java,teknoko.Pengiriman,initComponents/0,jLabel6,6
/home/x1/Desktop/ass/ass16/Teknoko-master/src/teknoko/Pengiriman.java,teknoko.Pengiriman,initComponents/0,btnHapus,8
/home/x1/Desktop/ass/ass16/Teknoko-master/src/teknoko/Pengiriman.java,teknoko.Pengiriman,initComponents/0,txtAlamatPelanggan,6
/home/x1/Desktop/ass/ass16/Teknoko-master/src/teknoko/Pengiriman.java,teknoko.Pengiriman,initComponents/0,jScrollPane1,4
/home/x1/Desktop/ass/ass16/Teknoko-master/src/teknoko/Pengiriman.java,teknoko.Pengiriman,initComponents/0,jScrollPane2,4
/home/x1/Desktop/ass/ass16/Teknoko-master/src/teknoko/Pengiriman.java,teknoko.Pengiriman,initComponents/0,txtIDTransaksi,8
/home/x1/Desktop/ass/ass16/Teknoko-master/src/teknoko/Pengiriman.java,teknoko.Pengiriman,initComponents/0,jLabel1,5
/home/x1/Desktop/ass/ass16/Teknoko-master/src/teknoko/Pengiriman.java,teknoko.Pengiriman,initComponents/0,tableCust,7
/home/x1/Desktop/ass/ass16/Teknoko-master/src/teknoko/Pengiriman.java,teknoko.Pengiriman,initComponents/0,jPanel1,6
/home/x1/Desktop/ass/ass16/Teknoko-master/src/teknoko/Pengiriman.java,teknoko.Pengiriman,initComponents/0,txtNamaPelanggan,7
/home/x1/Desktop/ass/ass16/Teknoko-master/src/teknoko/Pengiriman.java,teknoko.Pengiriman,initComponents/0,txtCari,9
/home/x1/Desktop/ass/ass16/Teknoko-master/src/teknoko/Pengiriman.java,teknoko.Pengiriman,search/1[java.lang.String],tableCust,2
/home/x1/Desktop/ass/ass16/Teknoko-master/src/teknoko/Pengiriman.java,teknoko.Pengiriman,search/1[java.lang.String],model,2
/home/x1/Desktop/ass/ass16/Teknoko-master/src/teknoko/Pengiriman.java,teknoko.Pengiriman,btnSubmitPengirimanMouseClicked/1[java.awt.event.MouseEvent],st,2
/home/x1/Desktop/ass/ass16/Teknoko-master/src/teknoko/Pengiriman.java,teknoko.Pengiriman,btnSubmitPengirimanMouseClicked/1[java.awt.event.MouseEvent],comboKendaraan,1
/home/x1/Desktop/ass/ass16/Teknoko-master/src/teknoko/Pengiriman.java,teknoko.Pengiriman,btnSubmitPengirimanMouseClicked/1[java.awt.event.MouseEvent],txtAlamatPelanggan,1
/home/x1/Desktop/ass/ass16/Teknoko-master/src/teknoko/Pengiriman.java,teknoko.Pengiriman,btnSubmitPengirimanMouseClicked/1[java.awt.event.MouseEvent],txtNamaPelanggan,1
/home/x1/Desktop/ass/ass16/Teknoko-master/src/teknoko/Pengiriman.java,teknoko.Pengiriman,btnSubmitPengirimanMouseClicked/1[java.awt.event.MouseEvent],cn,1
/home/x1/Desktop/ass/ass16/Teknoko-master/src/teknoko/Pengiriman.java,teknoko.Pengiriman,btnSubmitPengirimanMouseClicked/1[java.awt.event.MouseEvent],txtIDTransaksi,1
/home/x1/Desktop/ass/ass16/Teknoko-master/src/teknoko/CariBarang.java,teknoko.CariBarang,data_table/0,ganti,6
/home/x1/Desktop/ass/ass16/Teknoko-master/src/teknoko/CariBarang.java,teknoko.CariBarang,data_table/0,st,2
/home/x1/Desktop/ass/ass16/Teknoko-master/src/teknoko/CariBarang.java,teknoko.CariBarang,data_table/0,rs,7
/home/x1/Desktop/ass/ass16/Teknoko-master/src/teknoko/CariBarang.java,teknoko.CariBarang,data_table/0,model,7
/home/x1/Desktop/ass/ass16/Teknoko-master/src/teknoko/CariBarang.java,teknoko.CariBarang,data_table/0,cn,1
/home/x1/Desktop/ass/ass16/Teknoko-master/src/teknoko/CariBarang.java,teknoko.CariBarang,data_table/0,tabel,1
/home/x1/Desktop/ass/ass16/Teknoko-master/src/teknoko/CariBarang.java,teknoko.CariBarang,data_table/0,token,2
/home/x1/Desktop/ass/ass16/Teknoko-master/src/teknoko/CariBarang.java,teknoko.CariBarang,initComponents/0,jLabel4,6
/home/x1/Desktop/ass/ass16/Teknoko-master/src/teknoko/CariBarang.java,teknoko.CariBarang,initComponents/0,PanelCari,6
/home/x1/Desktop/ass/ass16/Teknoko-master/src/teknoko/CariBarang.java,teknoko.CariBarang,initComponents/0,btnHapus,5
/home/x1/Desktop/ass/ass16/Teknoko-master/src/teknoko/CariBarang.java,teknoko.CariBarang,initComponents/0,jScrollPane2,4
/home/x1/Desktop/ass/ass16/Teknoko-master/src/teknoko/CariBarang.java,teknoko.CariBarang,initComponents/0,tabel,7
/home/x1/Desktop/ass/ass16/Teknoko-master/src/teknoko/CariBarang.java,teknoko.CariBarang,initComponents/0,btnSubmit,7
/home/x1/Desktop/ass/ass16/Teknoko-master/src/teknoko/CariBarang.java,teknoko.CariBarang,initComponents/0,txtCari,8
/home/x1/Desktop/ass/ass16/Teknoko-master/src/teknoko/CariBarang.java,teknoko.CariBarang,txtCariKeyReleased/1[java.awt.event.KeyEvent],txtCari,1
/home/x1/Desktop/ass/ass16/Teknoko-master/src/teknoko/CariBarang.java,teknoko.CariBarang,search/1[java.lang.String],model,2
/home/x1/Desktop/ass/ass16/Teknoko-master/src/teknoko/CariBarang.java,teknoko.CariBarang,search/1[java.lang.String],tabel,2
/home/x1/Desktop/ass/ass16/Teknoko-master/src/teknoko/CariBarang.java,teknoko.CariBarang,btnSubmitMouseClicked/1[java.awt.event.MouseEvent],kd_nama,2
/home/x1/Desktop/ass/ass16/Teknoko-master/src/teknoko/CariBarang.java,teknoko.CariBarang,btnSubmitMouseClicked/1[java.awt.event.MouseEvent],nama,2
/home/x1/Desktop/ass/ass16/Teknoko-master/src/teknoko/CariBarang.java,teknoko.CariBarang,btnSubmitMouseClicked/1[java.awt.event.MouseEvent],harga,2
/home/x1/Desktop/ass/ass16/Teknoko-master/src/teknoko/CariBarang.java,teknoko.CariBarang,btnSubmitMouseClicked/1[java.awt.event.MouseEvent],tabel,7
/home/x1/Desktop/ass/ass16/Teknoko-master/src/teknoko/frHome.java,teknoko.frHome,mTransaksiMouseClicked/1[java.awt.event.MouseEvent],transaksi,6
/home/x1/Desktop/ass/ass16/Teknoko-master/src/teknoko/frHome.java,teknoko.frHome,mTransaksiMouseClicked/1[java.awt.event.MouseEvent],dekstop,4
/home/x1/Desktop/ass/ass16/Teknoko-master/src/teknoko/frHome.java,teknoko.frHome,mLaporanTransaksiActionPerformed/1[java.awt.event.ActionEvent],dekstop,4
/home/x1/Desktop/ass/ass16/Teknoko-master/src/teknoko/frHome.java,teknoko.frHome,mLaporanTransaksiActionPerformed/1[java.awt.event.ActionEvent],laporantransaksi,6
/home/x1/Desktop/ass/ass16/Teknoko-master/src/teknoko/frHome.java,teknoko.frHome,mListBarangMouseClicked/1[java.awt.event.MouseEvent],listbarang,6
/home/x1/Desktop/ass/ass16/Teknoko-master/src/teknoko/frHome.java,teknoko.frHome,mListBarangMouseClicked/1[java.awt.event.MouseEvent],dekstop,4
/home/x1/Desktop/ass/ass16/Teknoko-master/src/teknoko/frHome.java,teknoko.frHome,initComponents/0,jMenu3,7
/home/x1/Desktop/ass/ass16/Teknoko-master/src/teknoko/frHome.java,teknoko.frHome,initComponents/0,mLaporanTransaksi,8
/home/x1/Desktop/ass/ass16/Teknoko-master/src/teknoko/frHome.java,teknoko.frHome,initComponents/0,mListBarang,6
/home/x1/Desktop/ass/ass16/Teknoko-master/src/teknoko/frHome.java,teknoko.frHome,initComponents/0,mLaporanPengiriman,8
/home/x1/Desktop/ass/ass16/Teknoko-master/src/teknoko/frHome.java,teknoko.frHome,initComponents/0,mTransaksi,7
/home/x1/Desktop/ass/ass16/Teknoko-master/src/teknoko/frHome.java,teknoko.frHome,initComponents/0,paneld,5
/home/x1/Desktop/ass/ass16/Teknoko-master/src/teknoko/frHome.java,teknoko.frHome,initComponents/0,jMenuBar1,10
/home/x1/Desktop/ass/ass16/Teknoko-master/src/teknoko/frHome.java,teknoko.frHome,initComponents/0,dekstop,5
/home/x1/Desktop/ass/ass16/Teknoko-master/src/teknoko/frHome.java,teknoko.frHome,initComponents/0,mPengiriman,6
/home/x1/Desktop/ass/ass16/Teknoko-master/src/teknoko/frHome.java,teknoko.frHome,mLaporanPengirimanActionPerformed/1[java.awt.event.ActionEvent],laporanpengiriman,6
/home/x1/Desktop/ass/ass16/Teknoko-master/src/teknoko/frHome.java,teknoko.frHome,mLaporanPengirimanActionPerformed/1[java.awt.event.ActionEvent],dekstop,4
/home/x1/Desktop/ass/ass16/Teknoko-master/src/teknoko/frHome.java,teknoko.frHome,mPengirimanMouseClicked/1[java.awt.event.MouseEvent],pengiriman,6
/home/x1/Desktop/ass/ass16/Teknoko-master/src/teknoko/frHome.java,teknoko.frHome,mPengirimanMouseClicked/1[java.awt.event.MouseEvent],dekstop,4
/home/x1/Desktop/ass/ass16/Teknoko-master/src/teknoko/Transaksi.java,teknoko.Transaksi$Anonymous2,"isCellEditable/2[int,int]",canEdit,1
/home/x1/Desktop/ass/ass16/Teknoko-master/src/teknoko/CariBarang.java,teknoko.CariBarang$Anonymous1,getColumnClass/1[int],types,1
/home/x1/Desktop/ass/ass16/Teknoko-master/src/teknoko/CariBarang.java,teknoko.CariBarang$Anonymous1,"isCellEditable/2[int,int]",canEdit,1
/home/x1/Desktop/ass/ass16/Teknoko-master/src/teknoko/ListBarang.java,teknoko.ListBarang,data_table/0,ganti,12
/home/x1/Desktop/ass/ass16/Teknoko-master/src/teknoko/ListBarang.java,teknoko.ListBarang,data_table/0,st,2
/home/x1/Desktop/ass/ass16/Teknoko-master/src/teknoko/ListBarang.java,teknoko.ListBarang,data_table/0,rs,13
/home/x1/Desktop/ass/ass16/Teknoko-master/src/teknoko/ListBarang.java,teknoko.ListBarang,data_table/0,model,6
/home/x1/Desktop/ass/ass16/Teknoko-master/src/teknoko/ListBarang.java,teknoko.ListBarang,data_table/0,cn,1
/home/x1/Desktop/ass/ass16/Teknoko-master/src/teknoko/ListBarang.java,teknoko.ListBarang,data_table/0,tabel,2
/home/x1/Desktop/ass/ass16/Teknoko-master/src/teknoko/ListBarang.java,teknoko.ListBarang,data_table/0,token,4
/home/x1/Desktop/ass/ass16/Teknoko-master/src/teknoko/ListBarang.java,teknoko.ListBarang,ListBarang/0,ComboKT,1
/home/x1/Desktop/ass/ass16/Teknoko-master/src/teknoko/ListBarang.java,teknoko.ListBarang,tabelMouseClicked/1[java.awt.event.MouseEvent],txtNamaU,1
/home/x1/Desktop/ass/ass16/Teknoko-master/src/teknoko/ListBarang.java,teknoko.ListBarang,tabelMouseClicked/1[java.awt.event.MouseEvent],st,2
/home/x1/Desktop/ass/ass16/Teknoko-master/src/teknoko/ListBarang.java,teknoko.ListBarang,tabelMouseClicked/1[java.awt.event.MouseEvent],rs,3
/home/x1/Desktop/ass/ass16/Teknoko-master/src/teknoko/ListBarang.java,teknoko.ListBarang,tabelMouseClicked/1[java.awt.event.MouseEvent],ComboKU,2
/home/x1/Desktop/ass/ass16/Teknoko-master/src/teknoko/ListBarang.java,teknoko.ListBarang,tabelMouseClicked/1[java.awt.event.MouseEvent],txtStokU,1
/home/x1/Desktop/ass/ass16/Teknoko-master/src/teknoko/ListBarang.java,teknoko.ListBarang,tabelMouseClicked/1[java.awt.event.MouseEvent],txtHargaU,1
/home/x1/Desktop/ass/ass16/Teknoko-master/src/teknoko/ListBarang.java,teknoko.ListBarang,tabelMouseClicked/1[java.awt.event.MouseEvent],txtKodeU,1
/home/x1/Desktop/ass/ass16/Teknoko-master/src/teknoko/ListBarang.java,teknoko.ListBarang,tabelMouseClicked/1[java.awt.event.MouseEvent],cn,1
/home/x1/Desktop/ass/ass16/Teknoko-master/src/teknoko/ListBarang.java,teknoko.ListBarang,tabelMouseClicked/1[java.awt.event.MouseEvent],tabel,5
/home/x1/Desktop/ass/ass16/Teknoko-master/src/teknoko/ListBarang.java,teknoko.ListBarang,clearT/0,txtNamaT,1
/home/x1/Desktop/ass/ass16/Teknoko-master/src/teknoko/ListBarang.java,teknoko.ListBarang,clearT/0,txtKodeT,1
/home/x1/Desktop/ass/ass16/Teknoko-master/src/teknoko/ListBarang.java,teknoko.ListBarang,clearT/0,txtStokT,1
/home/x1/Desktop/ass/ass16/Teknoko-master/src/teknoko/ListBarang.java,teknoko.ListBarang,clearT/0,txtHargaT,1
/home/x1/Desktop/ass/ass16/Teknoko-master/src/teknoko/ListBarang.java,teknoko.ListBarang,clearT/0,ComboKT,1
/home/x1/Desktop/ass/ass16/Teknoko-master/src/teknoko/ListBarang.java,teknoko.ListBarang,btnTambahMouseClicked/1[java.awt.event.MouseEvent],st,2
/home/x1/Desktop/ass/ass16/Teknoko-master/src/teknoko/ListBarang.java,teknoko.ListBarang,btnTambahMouseClicked/1[java.awt.event.MouseEvent],txtNamaT,1
/home/x1/Desktop/ass/ass16/Teknoko-master/src/teknoko/ListBarang.java,teknoko.ListBarang,btnTambahMouseClicked/1[java.awt.event.MouseEvent],txtKodeT,1
/home/x1/Desktop/ass/ass16/Teknoko-master/src/teknoko/ListBarang.java,teknoko.ListBarang,btnTambahMouseClicked/1[java.awt.event.MouseEvent],txtStokT,1
/home/x1/Desktop/ass/ass16/Teknoko-master/src/teknoko/ListBarang.java,teknoko.ListBarang,btnTambahMouseClicked/1[java.awt.event.MouseEvent],txtHargaT,1
/home/x1/Desktop/ass/ass16/Teknoko-master/src/teknoko/ListBarang.java,teknoko.ListBarang,btnTambahMouseClicked/1[java.awt.event.MouseEvent],cn,1
/home/x1/Desktop/ass/ass16/Teknoko-master/src/teknoko/ListBarang.java,teknoko.ListBarang,btnTambahMouseClicked/1[java.awt.event.MouseEvent],ComboKT,1
/home/x1/Desktop/ass/ass16/Teknoko-master/src/teknoko/ListBarang.java,teknoko.ListBarang,initComponents/0,jLabel3,6
/home/x1/Desktop/ass/ass16/Teknoko-master/src/teknoko/ListBarang.java,teknoko.ListBarang,initComponents/0,jLabel2,6
/home/x1/Desktop/ass/ass16/Teknoko-master/src/teknoko/ListBarang.java,teknoko.ListBarang,initComponents/0,txtNamaU,6
/home/x1/Desktop/ass/ass16/Teknoko-master/src/teknoko/ListBarang.java,teknoko.ListBarang,initComponents/0,ComboKU,5
/home/x1/Desktop/ass/ass16/Teknoko-master/src/teknoko/ListBarang.java,teknoko.ListBarang,initComponents/0,txtNamaT,7
/home/x1/Desktop/ass/ass16/Teknoko-master/src/teknoko/ListBarang.java,teknoko.ListBarang,initComponents/0,jLabel5,6
/home/x1/Desktop/ass/ass16/Teknoko-master/src/teknoko/ListBarang.java,teknoko.ListBarang,initComponents/0,jLabel4,6
/home/x1/Desktop/ass/ass16/Teknoko-master/src/teknoko/ListBarang.java,teknoko.ListBarang,initComponents/0,txtKodeT,7
/home/x1/Desktop/ass/ass16/Teknoko-master/src/teknoko/ListBarang.java,teknoko.ListBarang,initComponents/0,jLabel7,6
/home/x1/Desktop/ass/ass16/Teknoko-master/src/teknoko/ListBarang.java,teknoko.ListBarang,initComponents/0,jLabel6,6
/home/x1/Desktop/ass/ass16/Teknoko-master/src/teknoko/ListBarang.java,teknoko.ListBarang,initComponents/0,jLabel9,5
/home/x1/Desktop/ass/ass16/Teknoko-master/src/teknoko/ListBarang.java,teknoko.ListBarang,initComponents/0,txtStokU,6
/home/x1/Desktop/ass/ass16/Teknoko-master/src/teknoko/ListBarang.java,teknoko.ListBarang,initComponents/0,jLabel8,6
/home/x1/Desktop/ass/ass16/Teknoko-master/src/teknoko/ListBarang.java,teknoko.ListBarang,initComponents/0,paneld,6
/home/x1/Desktop/ass/ass16/Teknoko-master/src/teknoko/ListBarang.java,teknoko.ListBarang,initComponents/0,txtStokT,6
/home/x1/Desktop/ass/ass16/Teknoko-master/src/teknoko/ListBarang.java,teknoko.ListBarang,initComponents/0,jScrollPane2,4
/home/x1/Desktop/ass/ass16/Teknoko-master/src/teknoko/ListBarang.java,teknoko.ListBarang,initComponents/0,ComboKT,6
/home/x1/Desktop/ass/ass16/Teknoko-master/src/teknoko/ListBarang.java,teknoko.ListBarang,initComponents/0,jLabel1,5
/home/x1/Desktop/ass/ass16/Teknoko-master/src/teknoko/ListBarang.java,teknoko.ListBarang,initComponents/0,jPanel1,5
/home/x1/Desktop/ass/ass16/Teknoko-master/src/teknoko/ListBarang.java,teknoko.ListBarang,initComponents/0,txtHargaU,6
/home/x1/Desktop/ass/ass16/Teknoko-master/src/teknoko/ListBarang.java,teknoko.ListBarang,initComponents/0,txtHargaT,6
/home/x1/Desktop/ass/ass16/Teknoko-master/src/teknoko/ListBarang.java,teknoko.ListBarang,initComponents/0,jPanel2,5
/home/x1/Desktop/ass/ass16/Teknoko-master/src/teknoko/ListBarang.java,teknoko.ListBarang,initComponents/0,btnHapus,10
/home/x1/Desktop/ass/ass16/Teknoko-master/src/teknoko/ListBarang.java,teknoko.ListBarang,initComponents/0,btnKode,10
/home/x1/Desktop/ass/ass16/Teknoko-master/src/teknoko/ListBarang.java,teknoko.ListBarang,initComponents/0,tabel,8
/home/x1/Desktop/ass/ass16/Teknoko-master/src/teknoko/ListBarang.java,teknoko.ListBarang,initComponents/0,btnTambah,11
/home/x1/Desktop/ass/ass16/Teknoko-master/src/teknoko/ListBarang.java,teknoko.ListBarang,initComponents/0,jTabbedPane1,7
/home/x1/Desktop/ass/ass16/Teknoko-master/src/teknoko/ListBarang.java,teknoko.ListBarang,initComponents/0,jLabel10,6
/home/x1/Desktop/ass/ass16/Teknoko-master/src/teknoko/ListBarang.java,teknoko.ListBarang,initComponents/0,jLabel11,6
/home/x1/Desktop/ass/ass16/Teknoko-master/src/teknoko/ListBarang.java,teknoko.ListBarang,initComponents/0,jLabel12,6
/home/x1/Desktop/ass/ass16/Teknoko-master/src/teknoko/ListBarang.java,teknoko.ListBarang,initComponents/0,btnUbah,8
/home/x1/Desktop/ass/ass16/Teknoko-master/src/teknoko/ListBarang.java,teknoko.ListBarang,initComponents/0,txtKodeU,8
/home/x1/Desktop/ass/ass16/Teknoko-master/src/teknoko/ListBarang.java,teknoko.ListBarang,initComponents/0,jLabel13,6
/home/x1/Desktop/ass/ass16/Teknoko-master/src/teknoko/ListBarang.java,teknoko.ListBarang,initComponents/0,txtCari,9
/home/x1/Desktop/ass/ass16/Teknoko-master/src/teknoko/ListBarang.java,teknoko.ListBarang,btnUbahMouseClicked/1[java.awt.event.MouseEvent],st,2
/home/x1/Desktop/ass/ass16/Teknoko-master/src/teknoko/ListBarang.java,teknoko.ListBarang,btnUbahMouseClicked/1[java.awt.event.MouseEvent],ComboKU,1
/home/x1/Desktop/ass/ass16/Teknoko-master/src/teknoko/ListBarang.java,teknoko.ListBarang,btnUbahMouseClicked/1[java.awt.event.MouseEvent],txtNamaU,1
/home/x1/Desktop/ass/ass16/Teknoko-master/src/teknoko/ListBarang.java,teknoko.ListBarang,btnUbahMouseClicked/1[java.awt.event.MouseEvent],txtStokU,1
/home/x1/Desktop/ass/ass16/Teknoko-master/src/teknoko/ListBarang.java,teknoko.ListBarang,btnUbahMouseClicked/1[java.awt.event.MouseEvent],txtHargaU,1
/home/x1/Desktop/ass/ass16/Teknoko-master/src/teknoko/ListBarang.java,teknoko.ListBarang,btnUbahMouseClicked/1[java.awt.event.MouseEvent],cn,1
/home/x1/Desktop/ass/ass16/Teknoko-master/src/teknoko/ListBarang.java,teknoko.ListBarang,btnUbahMouseClicked/1[java.awt.event.MouseEvent],tabel,3
/home/x1/Desktop/ass/ass16/Teknoko-master/src/teknoko/ListBarang.java,teknoko.ListBarang,clearU/0,txtNamaU,1
/home/x1/Desktop/ass/ass16/Teknoko-master/src/teknoko/ListBarang.java,teknoko.ListBarang,clearU/0,ComboKU,1
/home/x1/Desktop/ass/ass16/Teknoko-master/src/teknoko/ListBarang.java,teknoko.ListBarang,clearU/0,txtStokU,1
/home/x1/Desktop/ass/ass16/Teknoko-master/src/teknoko/ListBarang.java,teknoko.ListBarang,clearU/0,txtHargaU,1
/home/x1/Desktop/ass/ass16/Teknoko-master/src/teknoko/ListBarang.java,teknoko.ListBarang,clearU/0,txtKodeU,1
/home/x1/Desktop/ass/ass16/Teknoko-master/src/teknoko/ListBarang.java,teknoko.ListBarang,ComboBox/0,st,2
/home/x1/Desktop/ass/ass16/Teknoko-master/src/teknoko/ListBarang.java,teknoko.ListBarang,ComboBox/0,rs,4
/home/x1/Desktop/ass/ass16/Teknoko-master/src/teknoko/ListBarang.java,teknoko.ListBarang,ComboBox/0,ComboKU,1
/home/x1/Desktop/ass/ass16/Teknoko-master/src/teknoko/ListBarang.java,teknoko.ListBarang,ComboBox/0,cn,1
/home/x1/Desktop/ass/ass16/Teknoko-master/src/teknoko/ListBarang.java,teknoko.ListBarang,ComboBox/0,ComboKT,1
/home/x1/Desktop/ass/ass16/Teknoko-master/src/teknoko/ListBarang.java,teknoko.ListBarang,btnKodeMouseClicked/1[java.awt.event.MouseEvent],st,2
/home/x1/Desktop/ass/ass16/Teknoko-master/src/teknoko/ListBarang.java,teknoko.ListBarang,btnKodeMouseClicked/1[java.awt.event.MouseEvent],rs,3
/home/x1/Desktop/ass/ass16/Teknoko-master/src/teknoko/ListBarang.java,teknoko.ListBarang,btnKodeMouseClicked/1[java.awt.event.MouseEvent],txtKodeT,2
/home/x1/Desktop/ass/ass16/Teknoko-master/src/teknoko/ListBarang.java,teknoko.ListBarang,btnKodeMouseClicked/1[java.awt.event.MouseEvent],cn,1
/home/x1/Desktop/ass/ass16/Teknoko-master/src/teknoko/ListBarang.java,teknoko.ListBarang,btnKodeMouseClicked/1[java.awt.event.MouseEvent],ComboKT,1
/home/x1/Desktop/ass/ass16/Teknoko-master/src/teknoko/ListBarang.java,teknoko.ListBarang,btnHapusMouseClicked/1[java.awt.event.MouseEvent],txtCari,1
/home/x1/Desktop/ass/ass16/Teknoko-master/src/teknoko/ListBarang.java,teknoko.ListBarang,txtCariKeyReleased/1[java.awt.event.KeyEvent],txtCari,1
/home/x1/Desktop/ass/ass16/Teknoko-master/src/teknoko/ListBarang.java,teknoko.ListBarang,headerT/0,model,5
/home/x1/Desktop/ass/ass16/Teknoko-master/src/teknoko/ListBarang.java,teknoko.ListBarang,search/1[java.lang.String],model,2
/home/x1/Desktop/ass/ass16/Teknoko-master/src/teknoko/ListBarang.java,teknoko.ListBarang,search/1[java.lang.String],tabel,2
/home/x1/Desktop/ass/ass16/Teknoko-master/src/teknoko/LaporanPengiriman.java,teknoko.LaporanPengiriman,search/1[java.lang.String],tabel,3
/home/x1/Desktop/ass/ass16/Teknoko-master/src/teknoko/LaporanPengiriman.java,teknoko.LaporanPengiriman,initComponents/0,jLabel6,6
/home/x1/Desktop/ass/ass16/Teknoko-master/src/teknoko/LaporanPengiriman.java,teknoko.LaporanPengiriman,initComponents/0,btnHapus,8
/home/x1/Desktop/ass/ass16/Teknoko-master/src/teknoko/LaporanPengiriman.java,teknoko.LaporanPengiriman,initComponents/0,paneld,5
/home/x1/Desktop/ass/ass16/Teknoko-master/src/teknoko/LaporanPengiriman.java,teknoko.LaporanPengiriman,initComponents/0,jScrollPane1,5
/home/x1/Desktop/ass/ass16/Teknoko-master/src/teknoko/LaporanPengiriman.java,teknoko.LaporanPengiriman,initComponents/0,btnPrintPengiriman,8
/home/x1/Desktop/ass/ass16/Teknoko-master/src/teknoko/LaporanPengiriman.java,teknoko.LaporanPengiriman,initComponents/0,jScrollPane2,5
/home/x1/Desktop/ass/ass16/Teknoko-master/src/teknoko/LaporanPengiriman.java,teknoko.LaporanPengiriman,initComponents/0,tabel,7
/home/x1/Desktop/ass/ass16/Teknoko-master/src/teknoko/LaporanPengiriman.java,teknoko.LaporanPengiriman,initComponents/0,jScrollPane3,5
/home/x1/Desktop/ass/ass16/Teknoko-master/src/teknoko/LaporanPengiriman.java,teknoko.LaporanPengiriman,initComponents/0,txtPrint,5
/home/x1/Desktop/ass/ass16/Teknoko-master/src/teknoko/LaporanPengiriman.java,teknoko.LaporanPengiriman,initComponents/0,table,8
/home/x1/Desktop/ass/ass16/Teknoko-master/src/teknoko/LaporanPengiriman.java,teknoko.LaporanPengiriman,initComponents/0,txtCari,9
/home/x1/Desktop/ass/ass16/Teknoko-master/src/teknoko/LaporanPengiriman.java,teknoko.LaporanPengiriman,data_table/0,ganti,18
/home/x1/Desktop/ass/ass16/Teknoko-master/src/teknoko/LaporanPengiriman.java,teknoko.LaporanPengiriman,data_table/0,kembalian,4
/home/x1/Desktop/ass/ass16/Teknoko-master/src/teknoko/LaporanPengiriman.java,teknoko.LaporanPengiriman,data_table/0,st,2
/home/x1/Desktop/ass/ass16/Teknoko-master/src/teknoko/LaporanPengiriman.java,teknoko.LaporanPengiriman,data_table/0,rs,7
/home/x1/Desktop/ass/ass16/Teknoko-master/src/teknoko/LaporanPengiriman.java,teknoko.LaporanPengiriman,data_table/0,total,4
/home/x1/Desktop/ass/ass16/Teknoko-master/src/teknoko/LaporanPengiriman.java,teknoko.LaporanPengiriman,data_table/0,bayar,4
/home/x1/Desktop/ass/ass16/Teknoko-master/src/teknoko/LaporanPengiriman.java,teknoko.LaporanPengiriman,data_table/0,cn,1
/home/x1/Desktop/ass/ass16/Teknoko-master/src/teknoko/LaporanPengiriman.java,teknoko.LaporanPengiriman,data_table/0,id,2
/home/x1/Desktop/ass/ass16/Teknoko-master/src/teknoko/LaporanPengiriman.java,teknoko.LaporanPengiriman,data_table/0,tanggal,2
/home/x1/Desktop/ass/ass16/Teknoko-master/src/teknoko/LaporanPengiriman.java,teknoko.LaporanPengiriman,data_table/0,tabel,2
/home/x1/Desktop/ass/ass16/Teknoko-master/src/teknoko/LaporanPengiriman.java,teknoko.LaporanPengiriman,data_table/0,token,6
/home/x1/Desktop/ass/ass16/Teknoko-master/src/teknoko/LaporanPengiriman.java,teknoko.LaporanPengiriman,tabelMouseClicked/1[java.awt.event.MouseEvent],ganti,6
/home/x1/Desktop/ass/ass16/Teknoko-master/src/teknoko/LaporanPengiriman.java,teknoko.LaporanPengiriman,tabelMouseClicked/1[java.awt.event.MouseEvent],st,2
/home/x1/Desktop/ass/ass16/Teknoko-master/src/teknoko/LaporanPengiriman.java,teknoko.LaporanPengiriman,tabelMouseClicked/1[java.awt.event.MouseEvent],rs,6
/home/x1/Desktop/ass/ass16/Teknoko-master/src/teknoko/LaporanPengiriman.java,teknoko.LaporanPengiriman,tabelMouseClicked/1[java.awt.event.MouseEvent],btnPrintPengiriman,1
/home/x1/Desktop/ass/ass16/Teknoko-master/src/teknoko/LaporanPengiriman.java,teknoko.LaporanPengiriman,tabelMouseClicked/1[java.awt.event.MouseEvent],cn,1
/home/x1/Desktop/ass/ass16/Teknoko-master/src/teknoko/LaporanPengiriman.java,teknoko.LaporanPengiriman,tabelMouseClicked/1[java.awt.event.MouseEvent],tabel,2
/home/x1/Desktop/ass/ass16/Teknoko-master/src/teknoko/LaporanPengiriman.java,teknoko.LaporanPengiriman,tabelMouseClicked/1[java.awt.event.MouseEvent],table,2
/home/x1/Desktop/ass/ass16/Teknoko-master/src/teknoko/LaporanPengiriman.java,teknoko.LaporanPengiriman,tabelMouseClicked/1[java.awt.event.MouseEvent],token,2
/home/x1/Desktop/ass/ass16/Teknoko-master/src/teknoko/LaporanPengiriman.java,teknoko.LaporanPengiriman,btnPrintPengirimanMouseClicked/1[java.awt.event.MouseEvent],tabel,6
/home/x1/Desktop/ass/ass16/Teknoko-master/src/teknoko/LaporanPengiriman.java,teknoko.LaporanPengiriman,btnPrintPengirimanMouseClicked/1[java.awt.event.MouseEvent],table,1
/home/x1/Desktop/ass/ass16/Teknoko-master/src/teknoko/LaporanPengiriman.java,teknoko.LaporanPengiriman,btnPrintPengirimanMouseClicked/1[java.awt.event.MouseEvent],txtPrint,10
/home/x1/Desktop/ass/ass16/Teknoko-master/src/teknoko/LaporanPengiriman.java,teknoko.LaporanPengiriman,txtCariKeyReleased/1[java.awt.event.KeyEvent],txtCari,1
/home/x1/Desktop/ass/ass16/Teknoko-master/src/teknoko/LaporanPengiriman.java,teknoko.LaporanPengiriman,LaporanPengiriman/0,btnPrintPengiriman,1
/home/x1/Desktop/ass/ass16/Teknoko-master/src/teknoko/LaporanPengiriman.java,teknoko.LaporanPengiriman,table1/0,table,2
/home/x1/Desktop/ass/ass16/Teknoko-master/src/teknoko/LaporanPengiriman.java,teknoko.LaporanPengiriman,btnHapusMouseClicked/1[java.awt.event.MouseEvent],txtCari,1
/home/x1/Desktop/ass/ass16/Teknoko-master/src/teknoko/Transaksi.java,teknoko.Transaksi,Transaksi/0,txtId,1
/home/x1/Desktop/ass/ass16/Teknoko-master/src/teknoko/Transaksi.java,teknoko.Transaksi,Transaksi/0,btnSimpan,1
/home/x1/Desktop/ass/ass16/Teknoko-master/src/teknoko/Transaksi.java,teknoko.Transaksi,Transaksi/0,btnSubmit,1
/home/x1/Desktop/ass/ass16/Teknoko-master/src/teknoko/Transaksi.java,teknoko.Transaksi,Transaksi/0,txtTotal,1
/home/x1/Desktop/ass/ass16/Teknoko-master/src/teknoko/Transaksi.java,teknoko.Transaksi,Transaksi/0,txtTanggal,1
/home/x1/Desktop/ass/ass16/Teknoko-master/src/teknoko/Transaksi.java,teknoko.Transaksi,initComponents/0,jLabel2,5
/home/x1/Desktop/ass/ass16/Teknoko-master/src/teknoko/Transaksi.java,teknoko.Transaksi,initComponents/0,jLabel5,5
/home/x1/Desktop/ass/ass16/Teknoko-master/src/teknoko/Transaksi.java,teknoko.Transaksi,initComponents/0,jLabel4,5
/home/x1/Desktop/ass/ass16/Teknoko-master/src/teknoko/Transaksi.java,teknoko.Transaksi,initComponents/0,txtKembalian,6
/home/x1/Desktop/ass/ass16/Teknoko-master/src/teknoko/Transaksi.java,teknoko.Transaksi,initComponents/0,jLabel7,8
/home/x1/Desktop/ass/ass16/Teknoko-master/src/teknoko/Transaksi.java,teknoko.Transaksi,initComponents/0,jLabel6,8
/home/x1/Desktop/ass/ass16/Teknoko-master/src/teknoko/Transaksi.java,teknoko.Transaksi,initComponents/0,jLabel9,8
/home/x1/Desktop/ass/ass16/Teknoko-master/src/teknoko/Transaksi.java,teknoko.Transaksi,initComponents/0,jLabel8,8
/home/x1/Desktop/ass/ass16/Teknoko-master/src/teknoko/Transaksi.java,teknoko.Transaksi,initComponents/0,txtNama,6
/home/x1/Desktop/ass/ass16/Teknoko-master/src/teknoko/Transaksi.java,teknoko.Transaksi,initComponents/0,paneld,5
/home/x1/Desktop/ass/ass16/Teknoko-master/src/teknoko/Transaksi.java,teknoko.Transaksi,initComponents/0,jScrollPane1,6
/home/x1/Desktop/ass/ass16/Teknoko-master/src/teknoko/Transaksi.java,teknoko.Transaksi,initComponents/0,txtBayar,6
/home/x1/Desktop/ass/ass16/Teknoko-master/src/teknoko/Transaksi.java,teknoko.Transaksi,initComponents/0,txtTotal,10
/home/x1/Desktop/ass/ass16/Teknoko-master/src/teknoko/Transaksi.java,teknoko.Transaksi,initComponents/0,jLabel1,5
/home/x1/Desktop/ass/ass16/Teknoko-master/src/teknoko/Transaksi.java,teknoko.Transaksi,initComponents/0,btnCari,10
/home/x1/Desktop/ass/ass16/Teknoko-master/src/teknoko/Transaksi.java,teknoko.Transaksi,initComponents/0,jPanel1,6
/home/x1/Desktop/ass/ass16/Teknoko-master/src/teknoko/Transaksi.java,teknoko.Transaksi,initComponents/0,jPanel2,7
/home/x1/Desktop/ass/ass16/Teknoko-master/src/teknoko/Transaksi.java,teknoko.Transaksi,initComponents/0,btnHapus,9
/home/x1/Desktop/ass/ass16/Teknoko-master/src/teknoko/Transaksi.java,teknoko.Transaksi,initComponents/0,btnSimpan,8
/home/x1/Desktop/ass/ass16/Teknoko-master/src/teknoko/Transaksi.java,teknoko.Transaksi,initComponents/0,txtHarga,6
/home/x1/Desktop/ass/ass16/Teknoko-master/src/teknoko/Transaksi.java,teknoko.Transaksi,initComponents/0,txtKode,6
/home/x1/Desktop/ass/ass16/Teknoko-master/src/teknoko/Transaksi.java,teknoko.Transaksi,initComponents/0,tabel,6
/home/x1/Desktop/ass/ass16/Teknoko-master/src/teknoko/Transaksi.java,teknoko.Transaksi,initComponents/0,txtJumlah,6
/home/x1/Desktop/ass/ass16/Teknoko-master/src/teknoko/Transaksi.java,teknoko.Transaksi,initComponents/0,txtTanggal,7
/home/x1/Desktop/ass/ass16/Teknoko-master/src/teknoko/Transaksi.java,teknoko.Transaksi,initComponents/0,txtId,6
/home/x1/Desktop/ass/ass16/Teknoko-master/src/teknoko/Transaksi.java,teknoko.Transaksi,initComponents/0,jLabel10,8
/home/x1/Desktop/ass/ass16/Teknoko-master/src/teknoko/Transaksi.java,teknoko.Transaksi,initComponents/0,txtAkhir,6
/home/x1/Desktop/ass/ass16/Teknoko-master/src/teknoko/Transaksi.java,teknoko.Transaksi,initComponents/0,btnSubmit,8
/home/x1/Desktop/ass/ass16/Teknoko-master/src/teknoko/Transaksi.java,teknoko.Transaksi,Id/0,st,2
/home/x1/Desktop/ass/ass16/Teknoko-master/src/teknoko/Transaksi.java,teknoko.Transaksi,Id/0,rs,3
/home/x1/Desktop/ass/ass16/Teknoko-master/src/teknoko/Transaksi.java,teknoko.Transaksi,Id/0,cn,1
/home/x1/Desktop/ass/ass16/Teknoko-master/src/teknoko/Transaksi.java,teknoko.Transaksi,btnSubmitMouseClicked/1[java.awt.event.MouseEvent],ganti,6
/home/x1/Desktop/ass/ass16/Teknoko-master/src/teknoko/Transaksi.java,teknoko.Transaksi,btnSubmitMouseClicked/1[java.awt.event.MouseEvent],txtNama,2
/home/x1/Desktop/ass/ass16/Teknoko-master/src/teknoko/Transaksi.java,teknoko.Transaksi,btnSubmitMouseClicked/1[java.awt.event.MouseEvent],txtHarga,2
/home/x1/Desktop/ass/ass16/Teknoko-master/src/teknoko/Transaksi.java,teknoko.Transaksi,btnSubmitMouseClicked/1[java.awt.event.MouseEvent],txtKode,2
/home/x1/Desktop/ass/ass16/Teknoko-master/src/teknoko/Transaksi.java,teknoko.Transaksi,btnSubmitMouseClicked/1[java.awt.event.MouseEvent],txtAkhir,3
/home/x1/Desktop/ass/ass16/Teknoko-master/src/teknoko/Transaksi.java,teknoko.Transaksi,btnSubmitMouseClicked/1[java.awt.event.MouseEvent],tabel,1
/home/x1/Desktop/ass/ass16/Teknoko-master/src/teknoko/Transaksi.java,teknoko.Transaksi,btnSubmitMouseClicked/1[java.awt.event.MouseEvent],txtJumlah,3
/home/x1/Desktop/ass/ass16/Teknoko-master/src/teknoko/Transaksi.java,teknoko.Transaksi,btnSubmitMouseClicked/1[java.awt.event.MouseEvent],txtTotal,2
/home/x1/Desktop/ass/ass16/Teknoko-master/src/teknoko/Transaksi.java,teknoko.Transaksi,btnSubmitMouseClicked/1[java.awt.event.MouseEvent],token,2
/home/x1/Desktop/ass/ass16/Teknoko-master/src/teknoko/Transaksi.java,teknoko.Transaksi,txtBayarKeyReleased/1[java.awt.event.KeyEvent],ganti,6
/home/x1/Desktop/ass/ass16/Teknoko-master/src/teknoko/Transaksi.java,teknoko.Transaksi,txtBayarKeyReleased/1[java.awt.event.KeyEvent],txtKembalian,3
/home/x1/Desktop/ass/ass16/Teknoko-master/src/teknoko/Transaksi.java,teknoko.Transaksi,txtBayarKeyReleased/1[java.awt.event.KeyEvent],btnSimpan,2
/home/x1/Desktop/ass/ass16/Teknoko-master/src/teknoko/Transaksi.java,teknoko.Transaksi,txtBayarKeyReleased/1[java.awt.event.KeyEvent],txtBayar,2
/home/x1/Desktop/ass/ass16/Teknoko-master/src/teknoko/Transaksi.java,teknoko.Transaksi,txtBayarKeyReleased/1[java.awt.event.KeyEvent],txtTotal,1
/home/x1/Desktop/ass/ass16/Teknoko-master/src/teknoko/Transaksi.java,teknoko.Transaksi,txtBayarKeyReleased/1[java.awt.event.KeyEvent],token,2
/home/x1/Desktop/ass/ass16/Teknoko-master/src/teknoko/Transaksi.java,teknoko.Transaksi,btnHapusMouseClicked/1[java.awt.event.MouseEvent],ganti,6
/home/x1/Desktop/ass/ass16/Teknoko-master/src/teknoko/Transaksi.java,teknoko.Transaksi,btnHapusMouseClicked/1[java.awt.event.MouseEvent],tabel,4
/home/x1/Desktop/ass/ass16/Teknoko-master/src/teknoko/Transaksi.java,teknoko.Transaksi,btnHapusMouseClicked/1[java.awt.event.MouseEvent],txtTotal,3
/home/x1/Desktop/ass/ass16/Teknoko-master/src/teknoko/Transaksi.java,teknoko.Transaksi,btnHapusMouseClicked/1[java.awt.event.MouseEvent],token,2
/home/x1/Desktop/ass/ass16/Teknoko-master/src/teknoko/Transaksi.java,teknoko.Transaksi,clear/0,txtId,1
/home/x1/Desktop/ass/ass16/Teknoko-master/src/teknoko/Transaksi.java,teknoko.Transaksi,clear/0,txtKembalian,1
/home/x1/Desktop/ass/ass16/Teknoko-master/src/teknoko/Transaksi.java,teknoko.Transaksi,clear/0,tabel,1
/home/x1/Desktop/ass/ass16/Teknoko-master/src/teknoko/Transaksi.java,teknoko.Transaksi,clear/0,txtBayar,1
/home/x1/Desktop/ass/ass16/Teknoko-master/src/teknoko/Transaksi.java,teknoko.Transaksi,clear/0,txtTotal,1
/home/x1/Desktop/ass/ass16/Teknoko-master/src/teknoko/Transaksi.java,teknoko.Transaksi,btnSimpanMouseClicked/1[java.awt.event.MouseEvent],st,3
/home/x1/Desktop/ass/ass16/Teknoko-master/src/teknoko/Transaksi.java,teknoko.Transaksi,btnSimpanMouseClicked/1[java.awt.event.MouseEvent],txtId,2
/home/x1/Desktop/ass/ass16/Teknoko-master/src/teknoko/Transaksi.java,teknoko.Transaksi,btnSimpanMouseClicked/1[java.awt.event.MouseEvent],txtKembalian,1
/home/x1/Desktop/ass/ass16/Teknoko-master/src/teknoko/Transaksi.java,teknoko.Transaksi,btnSimpanMouseClicked/1[java.awt.event.MouseEvent],cn,1
/home/x1/Desktop/ass/ass16/Teknoko-master/src/teknoko/Transaksi.java,teknoko.Transaksi,btnSimpanMouseClicked/1[java.awt.event.MouseEvent],tabel,1
/home/x1/Desktop/ass/ass16/Teknoko-master/src/teknoko/Transaksi.java,teknoko.Transaksi,btnSimpanMouseClicked/1[java.awt.event.MouseEvent],txtBayar,1
/home/x1/Desktop/ass/ass16/Teknoko-master/src/teknoko/Transaksi.java,teknoko.Transaksi,btnSimpanMouseClicked/1[java.awt.event.MouseEvent],txtTotal,1
/home/x1/Desktop/ass/ass16/Teknoko-master/src/teknoko/Transaksi.java,teknoko.Transaksi,btnSimpanMouseClicked/1[java.awt.event.MouseEvent],txtTanggal,1
/home/x1/Desktop/ass/ass16/Teknoko-master/src/teknoko/Transaksi.java,teknoko.Transaksi,txtJumlahKeyReleased/1[java.awt.event.KeyEvent],ganti,6
/home/x1/Desktop/ass/ass16/Teknoko-master/src/teknoko/Transaksi.java,teknoko.Transaksi,txtJumlahKeyReleased/1[java.awt.event.KeyEvent],harga,2
/home/x1/Desktop/ass/ass16/Teknoko-master/src/teknoko/Transaksi.java,teknoko.Transaksi,txtJumlahKeyReleased/1[java.awt.event.KeyEvent],jumlah,2
/home/x1/Desktop/ass/ass16/Teknoko-master/src/teknoko/Transaksi.java,teknoko.Transaksi,txtJumlahKeyReleased/1[java.awt.event.KeyEvent],txtHarga,1
/home/x1/Desktop/ass/ass16/Teknoko-master/src/teknoko/Transaksi.java,teknoko.Transaksi,txtJumlahKeyReleased/1[java.awt.event.KeyEvent],txtAkhir,3
/home/x1/Desktop/ass/ass16/Teknoko-master/src/teknoko/Transaksi.java,teknoko.Transaksi,txtJumlahKeyReleased/1[java.awt.event.KeyEvent],txtJumlah,3
/home/x1/Desktop/ass/ass16/Teknoko-master/src/teknoko/Transaksi.java,teknoko.Transaksi,txtJumlahKeyReleased/1[java.awt.event.KeyEvent],btnSubmit,2
/home/x1/Desktop/ass/ass16/Teknoko-master/src/teknoko/Transaksi.java,teknoko.Transaksi,txtJumlahKeyReleased/1[java.awt.event.KeyEvent],token,2
/home/x1/Desktop/ass/ass16/Teknoko-master/src/teknoko/LaporanTransaksi.java,teknoko.LaporanTransaksi,LaporanTransaksi/0,btnPrintTransaksi,1
/home/x1/Desktop/ass/ass16/Teknoko-master/src/teknoko/LaporanTransaksi.java,teknoko.LaporanTransaksi,txtCariKeyReleased/1[java.awt.event.KeyEvent],txtCari,1
/home/x1/Desktop/ass/ass16/Teknoko-master/src/teknoko/LaporanTransaksi.java,teknoko.LaporanTransaksi,btnPrintTransaksiMouseClicked/1[java.awt.event.MouseEvent],tabel,6
/home/x1/Desktop/ass/ass16/Teknoko-master/src/teknoko/LaporanTransaksi.java,teknoko.LaporanTransaksi,btnPrintTransaksiMouseClicked/1[java.awt.event.MouseEvent],table,1
/home/x1/Desktop/ass/ass16/Teknoko-master/src/teknoko/LaporanTransaksi.java,teknoko.LaporanTransaksi,btnPrintTransaksiMouseClicked/1[java.awt.event.MouseEvent],txtPrint,13
/home/x1/Desktop/ass/ass16/Teknoko-master/src/teknoko/LaporanTransaksi.java,teknoko.LaporanTransaksi,data_table/0,ganti,18
/home/x1/Desktop/ass/ass16/Teknoko-master/src/teknoko/LaporanTransaksi.java,teknoko.LaporanTransaksi,data_table/0,kembalian,4
/home/x1/Desktop/ass/ass16/Teknoko-master/src/teknoko/LaporanTransaksi.java,teknoko.LaporanTransaksi,data_table/0,st,2
/home/x1/Desktop/ass/ass16/Teknoko-master/src/teknoko/LaporanTransaksi.java,teknoko.LaporanTransaksi,data_table/0,rs,7
/home/x1/Desktop/ass/ass16/Teknoko-master/src/teknoko/LaporanTransaksi.java,teknoko.LaporanTransaksi,data_table/0,total,4
/home/x1/Desktop/ass/ass16/Teknoko-master/src/teknoko/LaporanTransaksi.java,teknoko.LaporanTransaksi,data_table/0,bayar,4
/home/x1/Desktop/ass/ass16/Teknoko-master/src/teknoko/LaporanTransaksi.java,teknoko.LaporanTransaksi,data_table/0,cn,1
/home/x1/Desktop/ass/ass16/Teknoko-master/src/teknoko/LaporanTransaksi.java,teknoko.LaporanTransaksi,data_table/0,id,2
/home/x1/Desktop/ass/ass16/Teknoko-master/src/teknoko/LaporanTransaksi.java,teknoko.LaporanTransaksi,data_table/0,tanggal,2
/home/x1/Desktop/ass/ass16/Teknoko-master/src/teknoko/LaporanTransaksi.java,teknoko.LaporanTransaksi,data_table/0,tabel,2
/home/x1/Desktop/ass/ass16/Teknoko-master/src/teknoko/LaporanTransaksi.java,teknoko.LaporanTransaksi,data_table/0,token,6
/home/x1/Desktop/ass/ass16/Teknoko-master/src/teknoko/LaporanTransaksi.java,teknoko.LaporanTransaksi,initComponents/0,btnPrintTransaksi,8
/home/x1/Desktop/ass/ass16/Teknoko-master/src/teknoko/LaporanTransaksi.java,teknoko.LaporanTransaksi,initComponents/0,jLabel6,6
/home/x1/Desktop/ass/ass16/Teknoko-master/src/teknoko/LaporanTransaksi.java,teknoko.LaporanTransaksi,initComponents/0,btnHapus,8
/home/x1/Desktop/ass/ass16/Teknoko-master/src/teknoko/LaporanTransaksi.java,teknoko.LaporanTransaksi,initComponents/0,paneld,5
/home/x1/Desktop/ass/ass16/Teknoko-master/src/teknoko/LaporanTransaksi.java,teknoko.LaporanTransaksi,initComponents/0,jScrollPane1,5
/home/x1/Desktop/ass/ass16/Teknoko-master/src/teknoko/LaporanTransaksi.java,teknoko.LaporanTransaksi,initComponents/0,jScrollPane2,5
/home/x1/Desktop/ass/ass16/Teknoko-master/src/teknoko/LaporanTransaksi.java,teknoko.LaporanTransaksi,initComponents/0,tabel,7
/home/x1/Desktop/ass/ass16/Teknoko-master/src/teknoko/LaporanTransaksi.java,teknoko.LaporanTransaksi,initComponents/0,jScrollPane3,5
/home/x1/Desktop/ass/ass16/Teknoko-master/src/teknoko/LaporanTransaksi.java,teknoko.LaporanTransaksi,initComponents/0,txtPrint,5
/home/x1/Desktop/ass/ass16/Teknoko-master/src/teknoko/LaporanTransaksi.java,teknoko.LaporanTransaksi,initComponents/0,table,8
/home/x1/Desktop/ass/ass16/Teknoko-master/src/teknoko/LaporanTransaksi.java,teknoko.LaporanTransaksi,initComponents/0,txtCari,9
/home/x1/Desktop/ass/ass16/Teknoko-master/src/teknoko/LaporanTransaksi.java,teknoko.LaporanTransaksi,search/1[java.lang.String],tabel,3
/home/x1/Desktop/ass/ass16/Teknoko-master/src/teknoko/LaporanTransaksi.java,teknoko.LaporanTransaksi,btnHapusMouseClicked/1[java.awt.event.MouseEvent],txtCari,1
/home/x1/Desktop/ass/ass16/Teknoko-master/src/teknoko/LaporanTransaksi.java,teknoko.LaporanTransaksi,table1/0,table,2
/home/x1/Desktop/ass/ass16/Teknoko-master/src/teknoko/LaporanTransaksi.java,teknoko.LaporanTransaksi,tabelMouseClicked/1[java.awt.event.MouseEvent],ganti,12
/home/x1/Desktop/ass/ass16/Teknoko-master/src/teknoko/LaporanTransaksi.java,teknoko.LaporanTransaksi,tabelMouseClicked/1[java.awt.event.MouseEvent],btnPrintTransaksi,1
/home/x1/Desktop/ass/ass16/Teknoko-master/src/teknoko/LaporanTransaksi.java,teknoko.LaporanTransaksi,tabelMouseClicked/1[java.awt.event.MouseEvent],st,2
/home/x1/Desktop/ass/ass16/Teknoko-master/src/teknoko/LaporanTransaksi.java,teknoko.LaporanTransaksi,tabelMouseClicked/1[java.awt.event.MouseEvent],rs,7
/home/x1/Desktop/ass/ass16/Teknoko-master/src/teknoko/LaporanTransaksi.java,teknoko.LaporanTransaksi,tabelMouseClicked/1[java.awt.event.MouseEvent],cn,1
/home/x1/Desktop/ass/ass16/Teknoko-master/src/teknoko/LaporanTransaksi.java,teknoko.LaporanTransaksi,tabelMouseClicked/1[java.awt.event.MouseEvent],tabel,2
/home/x1/Desktop/ass/ass16/Teknoko-master/src/teknoko/LaporanTransaksi.java,teknoko.LaporanTransaksi,tabelMouseClicked/1[java.awt.event.MouseEvent],table,2
/home/x1/Desktop/ass/ass16/Teknoko-master/src/teknoko/LaporanTransaksi.java,teknoko.LaporanTransaksi,tabelMouseClicked/1[java.awt.event.MouseEvent],token,4
