file,class,method,variable,usage
/home/x1/Desktop/ass/ass16/Teknoko-master/src/teknoko/Barang.java,teknoko.Barang,setKdBarang/1[java.lang.Integer],oldKdBarang,1
/home/x1/Desktop/ass/ass16/Teknoko-master/src/teknoko/Barang.java,teknoko.Barang,setKdBarang/1[java.lang.Integer],kdBarang,4
/home/x1/Desktop/ass/ass16/Teknoko-master/src/teknoko/Barang.java,teknoko.Barang,setStok/1[int],oldStok,1
/home/x1/Desktop/ass/ass16/Teknoko-master/src/teknoko/Barang.java,teknoko.Barang,setStok/1[int],stok,4
/home/x1/Desktop/ass/ass16/Teknoko-master/src/teknoko/Barang.java,teknoko.Barang,addPropertyChangeListener/1[java.beans.PropertyChangeListener],listener,1
/home/x1/Desktop/ass/ass16/Teknoko-master/src/teknoko/Barang.java,teknoko.Barang,hashCode/0,hash,2
/home/x1/Desktop/ass/ass16/Teknoko-master/src/teknoko/Barang.java,teknoko.Barang,setHarga/1[float],oldHarga,1
/home/x1/Desktop/ass/ass16/Teknoko-master/src/teknoko/Barang.java,teknoko.Barang,setHarga/1[float],harga,4
/home/x1/Desktop/ass/ass16/Teknoko-master/src/teknoko/Barang.java,teknoko.Barang,removePropertyChangeListener/1[java.beans.PropertyChangeListener],listener,1
/home/x1/Desktop/ass/ass16/Teknoko-master/src/teknoko/Barang.java,teknoko.Barang,"Barang/5[java.lang.Integer,java.lang.String,java.lang.String,float,int]",harga,2
/home/x1/Desktop/ass/ass16/Teknoko-master/src/teknoko/Barang.java,teknoko.Barang,"Barang/5[java.lang.Integer,java.lang.String,java.lang.String,float,int]",kdBarang,2
/home/x1/Desktop/ass/ass16/Teknoko-master/src/teknoko/Barang.java,teknoko.Barang,"Barang/5[java.lang.Integer,java.lang.String,java.lang.String,float,int]",kategori,2
/home/x1/Desktop/ass/ass16/Teknoko-master/src/teknoko/Barang.java,teknoko.Barang,"Barang/5[java.lang.Integer,java.lang.String,java.lang.String,float,int]",namaBarang,2
/home/x1/Desktop/ass/ass16/Teknoko-master/src/teknoko/Barang.java,teknoko.Barang,"Barang/5[java.lang.Integer,java.lang.String,java.lang.String,float,int]",stok,2
/home/x1/Desktop/ass/ass16/Teknoko-master/src/teknoko/Barang.java,teknoko.Barang,setKategori/1[java.lang.String],kategori,4
/home/x1/Desktop/ass/ass16/Teknoko-master/src/teknoko/Barang.java,teknoko.Barang,setKategori/1[java.lang.String],oldKategori,1
/home/x1/Desktop/ass/ass16/Teknoko-master/src/teknoko/Barang.java,teknoko.Barang,setNamaBarang/1[java.lang.String],namaBarang,4
/home/x1/Desktop/ass/ass16/Teknoko-master/src/teknoko/Barang.java,teknoko.Barang,setNamaBarang/1[java.lang.String],oldNamaBarang,1
/home/x1/Desktop/ass/ass16/Teknoko-master/src/teknoko/Barang.java,teknoko.Barang,equals/1[java.lang.Object],other,2
/home/x1/Desktop/ass/ass16/Teknoko-master/src/teknoko/Barang.java,teknoko.Barang,equals/1[java.lang.Object],object,2
/home/x1/Desktop/ass/ass16/Teknoko-master/src/teknoko/Barang.java,teknoko.Barang,Barang/1[java.lang.Integer],kdBarang,2
/home/x1/Desktop/ass/ass16/Teknoko-master/src/teknoko/Transaksi.java,teknoko.Transaksi$Anonymous10,mouseClicked/1[java.awt.event.MouseEvent],evt,1
/home/x1/Desktop/ass/ass16/Teknoko-master/src/teknoko/LaporanTransaksi.java,teknoko.LaporanTransaksi$Anonymous1,mouseClicked/1[java.awt.event.MouseEvent],evt,1
/home/x1/Desktop/ass/ass16/Teknoko-master/src/teknoko/LaporanTransaksi.java,teknoko.LaporanTransaksi$Anonymous2,actionPerformed/1[java.awt.event.ActionEvent],evt,1
/home/x1/Desktop/ass/ass16/Teknoko-master/src/teknoko/LaporanTransaksi.java,teknoko.LaporanTransaksi$Anonymous3,keyReleased/1[java.awt.event.KeyEvent],evt,1
/home/x1/Desktop/ass/ass16/Teknoko-master/src/teknoko/LaporanTransaksi.java,teknoko.LaporanTransaksi$Anonymous4,mouseClicked/1[java.awt.event.MouseEvent],evt,1
/home/x1/Desktop/ass/ass16/Teknoko-master/src/teknoko/ListBarang.java,teknoko.ListBarang$Anonymous10,mouseClicked/1[java.awt.event.MouseEvent],evt,1
/home/x1/Desktop/ass/ass16/Teknoko-master/src/teknoko/ListBarang.java,teknoko.ListBarang$Anonymous5,mouseClicked/1[java.awt.event.MouseEvent],evt,1
/home/x1/Desktop/ass/ass16/Teknoko-master/src/teknoko/ListBarang.java,teknoko.ListBarang$Anonymous6,keyTyped/1[java.awt.event.KeyEvent],evt,1
/home/x1/Desktop/ass/ass16/Teknoko-master/src/teknoko/ListBarang.java,teknoko.ListBarang$Anonymous6,keyReleased/1[java.awt.event.KeyEvent],evt,1
/home/x1/Desktop/ass/ass16/Teknoko-master/src/teknoko/ListBarang.java,teknoko.ListBarang$Anonymous7,mouseClicked/1[java.awt.event.MouseEvent],evt,1
/home/x1/Desktop/ass/ass16/Teknoko-master/src/teknoko/ListBarang.java,teknoko.ListBarang$Anonymous8,mouseClicked/1[java.awt.event.MouseEvent],evt,1
/home/x1/Desktop/ass/ass16/Teknoko-master/src/teknoko/ListBarang.java,teknoko.ListBarang$Anonymous9,actionPerformed/1[java.awt.event.ActionEvent],evt,1
/home/x1/Desktop/ass/ass16/Teknoko-master/src/teknoko/LaporanPengiriman.java,teknoko.LaporanPengiriman$Anonymous5,mouseClicked/1[java.awt.event.MouseEvent],evt,1
/home/x1/Desktop/ass/ass16/Teknoko-master/src/teknoko/LaporanPengiriman.java,teknoko.LaporanPengiriman$Anonymous3,keyReleased/1[java.awt.event.KeyEvent],evt,1
/home/x1/Desktop/ass/ass16/Teknoko-master/src/teknoko/LaporanPengiriman.java,teknoko.LaporanPengiriman$Anonymous4,mouseClicked/1[java.awt.event.MouseEvent],evt,1
/home/x1/Desktop/ass/ass16/Teknoko-master/src/teknoko/LaporanPengiriman.java,teknoko.LaporanPengiriman$Anonymous1,mouseClicked/1[java.awt.event.MouseEvent],evt,1
/home/x1/Desktop/ass/ass16/Teknoko-master/src/teknoko/LaporanPengiriman.java,teknoko.LaporanPengiriman$Anonymous2,actionPerformed/1[java.awt.event.ActionEvent],evt,1
/home/x1/Desktop/ass/ass16/Teknoko-master/src/teknoko/ListBarang.java,teknoko.ListBarang$Anonymous1,actionPerformed/1[java.awt.event.ActionEvent],evt,1
/home/x1/Desktop/ass/ass16/Teknoko-master/src/teknoko/ListBarang.java,teknoko.ListBarang$Anonymous2,keyReleased/1[java.awt.event.KeyEvent],evt,1
/home/x1/Desktop/ass/ass16/Teknoko-master/src/teknoko/ListBarang.java,teknoko.ListBarang$Anonymous3,"isCellEditable/2[int,int]",rowIndex,0
/home/x1/Desktop/ass/ass16/Teknoko-master/src/teknoko/ListBarang.java,teknoko.ListBarang$Anonymous3,"isCellEditable/2[int,int]",columnIndex,1
/home/x1/Desktop/ass/ass16/Teknoko-master/src/teknoko/ListBarang.java,teknoko.ListBarang$Anonymous4,mouseClicked/1[java.awt.event.MouseEvent],evt,1
/home/x1/Desktop/ass/ass16/Teknoko-master/src/teknoko/CariBarang.java,teknoko.CariBarang$Anonymous4,keyReleased/1[java.awt.event.KeyEvent],evt,1
/home/x1/Desktop/ass/ass16/Teknoko-master/src/teknoko/CariBarang.java,teknoko.CariBarang$Anonymous5,mouseClicked/1[java.awt.event.MouseEvent],evt,1
/home/x1/Desktop/ass/ass16/Teknoko-master/src/teknoko/Pengiriman.java,teknoko.Pengiriman$Anonymous10,mouseClicked/1[java.awt.event.MouseEvent],evt,1
/home/x1/Desktop/ass/ass16/Teknoko-master/src/teknoko/cari_barang.java,teknoko.cari_barang,"caribarang/3[java.lang.String,java.lang.String,java.lang.String]",kd_nama,2
/home/x1/Desktop/ass/ass16/Teknoko-master/src/teknoko/cari_barang.java,teknoko.cari_barang,"caribarang/3[java.lang.String,java.lang.String,java.lang.String]",nama,2
/home/x1/Desktop/ass/ass16/Teknoko-master/src/teknoko/cari_barang.java,teknoko.cari_barang,"caribarang/3[java.lang.String,java.lang.String,java.lang.String]",harga,2
/home/x1/Desktop/ass/ass16/Teknoko-master/src/teknoko/Pengiriman.java,teknoko.Pengiriman,txtCariKeyReleased/1[java.awt.event.KeyEvent],evt,0
/home/x1/Desktop/ass/ass16/Teknoko-master/src/teknoko/Pengiriman.java,teknoko.Pengiriman,txtCariKeyReleased/1[java.awt.event.KeyEvent],searchString,1
/home/x1/Desktop/ass/ass16/Teknoko-master/src/teknoko/Pengiriman.java,teknoko.Pengiriman,txtNamaPelangganActionPerformed/1[java.awt.event.ActionEvent],evt,0
/home/x1/Desktop/ass/ass16/Teknoko-master/src/teknoko/Pengiriman.java,teknoko.Pengiriman,txtCariActionPerformed/1[java.awt.event.ActionEvent],evt,0
/home/x1/Desktop/ass/ass16/Teknoko-master/src/teknoko/Pengiriman.java,teknoko.Pengiriman,tableCustMouseClicked/1[java.awt.event.MouseEvent],evt,0
/home/x1/Desktop/ass/ass16/Teknoko-master/src/teknoko/Pengiriman.java,teknoko.Pengiriman,tableCustMouseClicked/1[java.awt.event.MouseEvent],id,1
/home/x1/Desktop/ass/ass16/Teknoko-master/src/teknoko/Pengiriman.java,teknoko.Pengiriman,btnHapusMouseClicked/1[java.awt.event.MouseEvent],evt,0
/home/x1/Desktop/ass/ass16/Teknoko-master/src/teknoko/Pengiriman.java,teknoko.Pengiriman,txtNamaPelangganKeyReleased/1[java.awt.event.KeyEvent],evt,0
/home/x1/Desktop/ass/ass16/Teknoko-master/src/teknoko/Pengiriman.java,teknoko.Pengiriman,txtIDTransaksiActionPerformed/1[java.awt.event.ActionEvent],evt,0
/home/x1/Desktop/ass/ass16/Teknoko-master/src/teknoko/Pengiriman.java,teknoko.Pengiriman,data_table/0,kembalian,3
/home/x1/Desktop/ass/ass16/Teknoko-master/src/teknoko/Pengiriman.java,teknoko.Pengiriman,data_table/0,total,3
/home/x1/Desktop/ass/ass16/Teknoko-master/src/teknoko/Pengiriman.java,teknoko.Pengiriman,data_table/0,e,1
/home/x1/Desktop/ass/ass16/Teknoko-master/src/teknoko/Pengiriman.java,teknoko.Pengiriman,data_table/0,total1,1
/home/x1/Desktop/ass/ass16/Teknoko-master/src/teknoko/Pengiriman.java,teknoko.Pengiriman,data_table/0,bayar,3
/home/x1/Desktop/ass/ass16/Teknoko-master/src/teknoko/Pengiriman.java,teknoko.Pengiriman,data_table/0,kembalian1,1
/home/x1/Desktop/ass/ass16/Teknoko-master/src/teknoko/Pengiriman.java,teknoko.Pengiriman,data_table/0,bayar1,1
/home/x1/Desktop/ass/ass16/Teknoko-master/src/teknoko/Pengiriman.java,teknoko.Pengiriman,data_table/0,sql,1
/home/x1/Desktop/ass/ass16/Teknoko-master/src/teknoko/Pengiriman.java,teknoko.Pengiriman,initComponents/0,layout,7
/home/x1/Desktop/ass/ass16/Teknoko-master/src/teknoko/Pengiriman.java,teknoko.Pengiriman,initComponents/0,btnSubmitPengiriman,8
/home/x1/Desktop/ass/ass16/Teknoko-master/src/teknoko/Pengiriman.java,teknoko.Pengiriman,initComponents/0,jPanel1Layout,20
/home/x1/Desktop/ass/ass16/Teknoko-master/src/teknoko/Pengiriman.java,teknoko.Pengiriman,search/1[java.lang.String],str,1
/home/x1/Desktop/ass/ass16/Teknoko-master/src/teknoko/Pengiriman.java,teknoko.Pengiriman,search/1[java.lang.String],trs,2
/home/x1/Desktop/ass/ass16/Teknoko-master/src/teknoko/Pengiriman.java,teknoko.Pengiriman,btnSubmitPengirimanMouseClicked/1[java.awt.event.MouseEvent],evt,0
/home/x1/Desktop/ass/ass16/Teknoko-master/src/teknoko/Pengiriman.java,teknoko.Pengiriman,btnSubmitPengirimanMouseClicked/1[java.awt.event.MouseEvent],jawab,1
/home/x1/Desktop/ass/ass16/Teknoko-master/src/teknoko/Pengiriman.java,teknoko.Pengiriman,btnSubmitPengirimanMouseClicked/1[java.awt.event.MouseEvent],kendaraan,2
/home/x1/Desktop/ass/ass16/Teknoko-master/src/teknoko/Pengiriman.java,teknoko.Pengiriman,btnSubmitPengirimanMouseClicked/1[java.awt.event.MouseEvent],biaya,3
/home/x1/Desktop/ass/ass16/Teknoko-master/src/teknoko/Pengiriman.java,teknoko.Pengiriman,btnSubmitPengirimanMouseClicked/1[java.awt.event.MouseEvent],e,1
/home/x1/Desktop/ass/ass16/Teknoko-master/src/teknoko/Pengiriman.java,teknoko.Pengiriman,btnSubmitPengirimanMouseClicked/1[java.awt.event.MouseEvent],query,1
/home/x1/Desktop/ass/ass16/Teknoko-master/src/teknoko/Pengiriman.java,teknoko.Pengiriman,txtIDTransaksiKeyReleased/1[java.awt.event.KeyEvent],evt,0
/home/x1/Desktop/ass/ass16/Teknoko-master/src/teknoko/Pengiriman.java,teknoko.Pengiriman,btnSubmitPengirimanActionPerformed/1[java.awt.event.ActionEvent],evt,0
/home/x1/Desktop/ass/ass16/Teknoko-master/src/teknoko/CariBarang.java,teknoko.CariBarang,data_table/0,harga,3
/home/x1/Desktop/ass/ass16/Teknoko-master/src/teknoko/CariBarang.java,teknoko.CariBarang,data_table/0,e,1
/home/x1/Desktop/ass/ass16/Teknoko-master/src/teknoko/CariBarang.java,teknoko.CariBarang,data_table/0,harga1,1
/home/x1/Desktop/ass/ass16/Teknoko-master/src/teknoko/CariBarang.java,teknoko.CariBarang,data_table/0,sql,1
/home/x1/Desktop/ass/ass16/Teknoko-master/src/teknoko/CariBarang.java,teknoko.CariBarang,main/1[java.lang.String[]],args,0
/home/x1/Desktop/ass/ass16/Teknoko-master/src/teknoko/CariBarang.java,teknoko.CariBarang,main/1[java.lang.String[]],ex,7
/home/x1/Desktop/ass/ass16/Teknoko-master/src/teknoko/CariBarang.java,teknoko.CariBarang,main/1[java.lang.String[]],info,2
/home/x1/Desktop/ass/ass16/Teknoko-master/src/teknoko/CariBarang.java,teknoko.CariBarang,initComponents/0,PanelCariLayout,11
/home/x1/Desktop/ass/ass16/Teknoko-master/src/teknoko/CariBarang.java,teknoko.CariBarang,initComponents/0,layout,5
/home/x1/Desktop/ass/ass16/Teknoko-master/src/teknoko/CariBarang.java,teknoko.CariBarang,txtCariActionPerformed/1[java.awt.event.ActionEvent],evt,0
/home/x1/Desktop/ass/ass16/Teknoko-master/src/teknoko/CariBarang.java,teknoko.CariBarang,txtCariKeyReleased/1[java.awt.event.KeyEvent],evt,0
/home/x1/Desktop/ass/ass16/Teknoko-master/src/teknoko/CariBarang.java,teknoko.CariBarang,txtCariKeyReleased/1[java.awt.event.KeyEvent],searchString,1
/home/x1/Desktop/ass/ass16/Teknoko-master/src/teknoko/CariBarang.java,teknoko.CariBarang,search/1[java.lang.String],str,1
/home/x1/Desktop/ass/ass16/Teknoko-master/src/teknoko/CariBarang.java,teknoko.CariBarang,search/1[java.lang.String],trs,2
/home/x1/Desktop/ass/ass16/Teknoko-master/src/teknoko/CariBarang.java,teknoko.CariBarang,btnSubmitMouseClicked/1[java.awt.event.MouseEvent],evt,1
/home/x1/Desktop/ass/ass16/Teknoko-master/src/teknoko/CariBarang.java,teknoko.CariBarang,btnSubmitMouseClicked/1[java.awt.event.MouseEvent],baris,0
/home/x1/Desktop/ass/ass16/Teknoko-master/src/teknoko/CariBarang.java,teknoko.CariBarang,tabelMouseClicked/1[java.awt.event.MouseEvent],evt,0
/home/x1/Desktop/ass/ass16/Teknoko-master/src/teknoko/frHome.java,teknoko.frHome,mTransaksiMouseClicked/1[java.awt.event.MouseEvent],evt,0
/home/x1/Desktop/ass/ass16/Teknoko-master/src/teknoko/frHome.java,teknoko.frHome,mTransaksiActionPerformed/1[java.awt.event.ActionEvent],evt,0
/home/x1/Desktop/ass/ass16/Teknoko-master/src/teknoko/frHome.java,teknoko.frHome,mLaporanTransaksiActionPerformed/1[java.awt.event.ActionEvent],evt,0
/home/x1/Desktop/ass/ass16/Teknoko-master/src/teknoko/frHome.java,teknoko.frHome,mListBarangMouseClicked/1[java.awt.event.MouseEvent],evt,0
/home/x1/Desktop/ass/ass16/Teknoko-master/src/teknoko/frHome.java,teknoko.frHome,mTransaksiMouseEntered/1[java.awt.event.MouseEvent],evt,0
/home/x1/Desktop/ass/ass16/Teknoko-master/src/teknoko/frHome.java,teknoko.frHome,main/1[java.lang.String[]],args,0
/home/x1/Desktop/ass/ass16/Teknoko-master/src/teknoko/frHome.java,teknoko.frHome,main/1[java.lang.String[]],ex,7
/home/x1/Desktop/ass/ass16/Teknoko-master/src/teknoko/frHome.java,teknoko.frHome,main/1[java.lang.String[]],info,2
/home/x1/Desktop/ass/ass16/Teknoko-master/src/teknoko/frHome.java,teknoko.frHome,initComponents/0,layout,5
/home/x1/Desktop/ass/ass16/Teknoko-master/src/teknoko/frHome.java,teknoko.frHome,initComponents/0,dekstopLayout,5
/home/x1/Desktop/ass/ass16/Teknoko-master/src/teknoko/frHome.java,teknoko.frHome,initComponents/0,paneldLayout,5
/home/x1/Desktop/ass/ass16/Teknoko-master/src/teknoko/frHome.java,teknoko.frHome,mLaporanPengirimanActionPerformed/1[java.awt.event.ActionEvent],evt,0
/home/x1/Desktop/ass/ass16/Teknoko-master/src/teknoko/frHome.java,teknoko.frHome,mLaporanTransaksiMouseClicked/1[java.awt.event.MouseEvent],evt,0
/home/x1/Desktop/ass/ass16/Teknoko-master/src/teknoko/frHome.java,teknoko.frHome,mPengirimanMouseClicked/1[java.awt.event.MouseEvent],evt,0
/home/x1/Desktop/ass/ass16/Teknoko-master/src/teknoko/frHome.java,teknoko.frHome,mLaporanPengirimanMouseClicked/1[java.awt.event.MouseEvent],evt,0
/home/x1/Desktop/ass/ass16/Teknoko-master/src/teknoko/Transaksi.java,teknoko.Transaksi$Anonymous4,mouseClicked/1[java.awt.event.MouseEvent],evt,1
/home/x1/Desktop/ass/ass16/Teknoko-master/src/teknoko/Transaksi.java,teknoko.Transaksi$Anonymous5,mouseClicked/1[java.awt.event.MouseEvent],evt,1
/home/x1/Desktop/ass/ass16/Teknoko-master/src/teknoko/Transaksi.java,teknoko.Transaksi$Anonymous2,"isCellEditable/2[int,int]",rowIndex,0
/home/x1/Desktop/ass/ass16/Teknoko-master/src/teknoko/Transaksi.java,teknoko.Transaksi$Anonymous2,"isCellEditable/2[int,int]",columnIndex,1
/home/x1/Desktop/ass/ass16/Teknoko-master/src/teknoko/Transaksi.java,teknoko.Transaksi$Anonymous3,keyReleased/1[java.awt.event.KeyEvent],evt,1
/home/x1/Desktop/ass/ass16/Teknoko-master/src/teknoko/Transaksi.java,teknoko.Transaksi$Anonymous8,actionPerformed/1[java.awt.event.ActionEvent],evt,1
/home/x1/Desktop/ass/ass16/Teknoko-master/src/teknoko/Transaksi.java,teknoko.Transaksi$Anonymous9,keyPressed/1[java.awt.event.KeyEvent],evt,1
/home/x1/Desktop/ass/ass16/Teknoko-master/src/teknoko/Transaksi.java,teknoko.Transaksi$Anonymous9,keyReleased/1[java.awt.event.KeyEvent],evt,1
/home/x1/Desktop/ass/ass16/Teknoko-master/src/teknoko/Transaksi.java,teknoko.Transaksi$Anonymous9,keyTyped/1[java.awt.event.KeyEvent],evt,1
/home/x1/Desktop/ass/ass16/Teknoko-master/src/teknoko/Transaksi.java,teknoko.Transaksi$Anonymous6,mouseClicked/1[java.awt.event.MouseEvent],evt,1
/home/x1/Desktop/ass/ass16/Teknoko-master/src/teknoko/Transaksi.java,teknoko.Transaksi$Anonymous7,mouseClicked/1[java.awt.event.MouseEvent],evt,1
/home/x1/Desktop/ass/ass16/Teknoko-master/src/teknoko/frHome.java,teknoko.frHome$Anonymous3,mouseClicked/1[java.awt.event.MouseEvent],evt,1
/home/x1/Desktop/ass/ass16/Teknoko-master/src/teknoko/frHome.java,teknoko.frHome$Anonymous4,mouseClicked/1[java.awt.event.MouseEvent],evt,1
/home/x1/Desktop/ass/ass16/Teknoko-master/src/teknoko/frHome.java,teknoko.frHome$Anonymous5,mouseClicked/1[java.awt.event.MouseEvent],evt,1
/home/x1/Desktop/ass/ass16/Teknoko-master/src/teknoko/frHome.java,teknoko.frHome$Anonymous6,actionPerformed/1[java.awt.event.ActionEvent],evt,1
/home/x1/Desktop/ass/ass16/Teknoko-master/src/teknoko/frHome.java,teknoko.frHome$Anonymous7,mouseClicked/1[java.awt.event.MouseEvent],evt,1
/home/x1/Desktop/ass/ass16/Teknoko-master/src/teknoko/frHome.java,teknoko.frHome$Anonymous8,actionPerformed/1[java.awt.event.ActionEvent],evt,1
/home/x1/Desktop/ass/ass16/Teknoko-master/src/teknoko/CariBarang.java,teknoko.CariBarang$Anonymous2,mouseClicked/1[java.awt.event.MouseEvent],evt,1
/home/x1/Desktop/ass/ass16/Teknoko-master/src/teknoko/CariBarang.java,teknoko.CariBarang$Anonymous3,actionPerformed/1[java.awt.event.ActionEvent],evt,1
/home/x1/Desktop/ass/ass16/Teknoko-master/src/teknoko/frHome.java,teknoko.frHome$Anonymous1,mouseEntered/1[java.awt.event.MouseEvent],evt,1
/home/x1/Desktop/ass/ass16/Teknoko-master/src/teknoko/frHome.java,teknoko.frHome$Anonymous1,mouseClicked/1[java.awt.event.MouseEvent],evt,1
/home/x1/Desktop/ass/ass16/Teknoko-master/src/teknoko/CariBarang.java,teknoko.CariBarang$Anonymous1,getColumnClass/1[int],columnIndex,1
/home/x1/Desktop/ass/ass16/Teknoko-master/src/teknoko/CariBarang.java,teknoko.CariBarang$Anonymous1,"isCellEditable/2[int,int]",rowIndex,0
/home/x1/Desktop/ass/ass16/Teknoko-master/src/teknoko/CariBarang.java,teknoko.CariBarang$Anonymous1,"isCellEditable/2[int,int]",columnIndex,1
/home/x1/Desktop/ass/ass16/Teknoko-master/src/teknoko/frHome.java,teknoko.frHome$Anonymous2,actionPerformed/1[java.awt.event.ActionEvent],evt,1
/home/x1/Desktop/ass/ass16/Teknoko-master/src/teknoko/Transaksi.java,teknoko.Transaksi$Anonymous1,actionPerformed/1[java.awt.event.ActionEvent],evt,1
/home/x1/Desktop/ass/ass16/Teknoko-master/src/teknoko/Pengiriman.java,teknoko.Pengiriman$Anonymous8,actionPerformed/1[java.awt.event.ActionEvent],evt,1
/home/x1/Desktop/ass/ass16/Teknoko-master/src/teknoko/ListBarang.java,teknoko.ListBarang,data_table/0,harga,7
/home/x1/Desktop/ass/ass16/Teknoko-master/src/teknoko/ListBarang.java,teknoko.ListBarang,data_table/0,e,1
/home/x1/Desktop/ass/ass16/Teknoko-master/src/teknoko/ListBarang.java,teknoko.ListBarang,data_table/0,harga1,3
/home/x1/Desktop/ass/ass16/Teknoko-master/src/teknoko/ListBarang.java,teknoko.ListBarang,data_table/0,sql,1
/home/x1/Desktop/ass/ass16/Teknoko-master/src/teknoko/ListBarang.java,teknoko.ListBarang,tabelMouseClicked/1[java.awt.event.MouseEvent],evt,1
/home/x1/Desktop/ass/ass16/Teknoko-master/src/teknoko/ListBarang.java,teknoko.ListBarang,tabelMouseClicked/1[java.awt.event.MouseEvent],temp,2
/home/x1/Desktop/ass/ass16/Teknoko-master/src/teknoko/ListBarang.java,teknoko.ListBarang,tabelMouseClicked/1[java.awt.event.MouseEvent],hargaS,3
/home/x1/Desktop/ass/ass16/Teknoko-master/src/teknoko/ListBarang.java,teknoko.ListBarang,tabelMouseClicked/1[java.awt.event.MouseEvent],e,1
/home/x1/Desktop/ass/ass16/Teknoko-master/src/teknoko/ListBarang.java,teknoko.ListBarang,tabelMouseClicked/1[java.awt.event.MouseEvent],kode,2
/home/x1/Desktop/ass/ass16/Teknoko-master/src/teknoko/ListBarang.java,teknoko.ListBarang,tabelMouseClicked/1[java.awt.event.MouseEvent],query,1
/home/x1/Desktop/ass/ass16/Teknoko-master/src/teknoko/ListBarang.java,teknoko.ListBarang,tabelMouseClicked/1[java.awt.event.MouseEvent],baris,4
/home/x1/Desktop/ass/ass16/Teknoko-master/src/teknoko/ListBarang.java,teknoko.ListBarang,txtCariActionPerformed/1[java.awt.event.ActionEvent],evt,0
/home/x1/Desktop/ass/ass16/Teknoko-master/src/teknoko/ListBarang.java,teknoko.ListBarang,btnTambahMouseClicked/1[java.awt.event.MouseEvent],evt,0
/home/x1/Desktop/ass/ass16/Teknoko-master/src/teknoko/ListBarang.java,teknoko.ListBarang,btnTambahMouseClicked/1[java.awt.event.MouseEvent],jawab,1
/home/x1/Desktop/ass/ass16/Teknoko-master/src/teknoko/ListBarang.java,teknoko.ListBarang,btnTambahMouseClicked/1[java.awt.event.MouseEvent],e,1
/home/x1/Desktop/ass/ass16/Teknoko-master/src/teknoko/ListBarang.java,teknoko.ListBarang,btnTambahMouseClicked/1[java.awt.event.MouseEvent],query,1
/home/x1/Desktop/ass/ass16/Teknoko-master/src/teknoko/ListBarang.java,teknoko.ListBarang,initComponents/0,layout,6
/home/x1/Desktop/ass/ass16/Teknoko-master/src/teknoko/ListBarang.java,teknoko.ListBarang,initComponents/0,jPanel2Layout,24
/home/x1/Desktop/ass/ass16/Teknoko-master/src/teknoko/ListBarang.java,teknoko.ListBarang,initComponents/0,paneldLayout,11
/home/x1/Desktop/ass/ass16/Teknoko-master/src/teknoko/ListBarang.java,teknoko.ListBarang,initComponents/0,jPanel1Layout,27
/home/x1/Desktop/ass/ass16/Teknoko-master/src/teknoko/ListBarang.java,teknoko.ListBarang,btnUbahMouseClicked/1[java.awt.event.MouseEvent],evt,1
/home/x1/Desktop/ass/ass16/Teknoko-master/src/teknoko/ListBarang.java,teknoko.ListBarang,btnUbahMouseClicked/1[java.awt.event.MouseEvent],jawab,1
/home/x1/Desktop/ass/ass16/Teknoko-master/src/teknoko/ListBarang.java,teknoko.ListBarang,btnUbahMouseClicked/1[java.awt.event.MouseEvent],e,1
/home/x1/Desktop/ass/ass16/Teknoko-master/src/teknoko/ListBarang.java,teknoko.ListBarang,btnUbahMouseClicked/1[java.awt.event.MouseEvent],kode,1
/home/x1/Desktop/ass/ass16/Teknoko-master/src/teknoko/ListBarang.java,teknoko.ListBarang,btnUbahMouseClicked/1[java.awt.event.MouseEvent],baris,0
/home/x1/Desktop/ass/ass16/Teknoko-master/src/teknoko/ListBarang.java,teknoko.ListBarang,btnUbahMouseClicked/1[java.awt.event.MouseEvent],kat,1
/home/x1/Desktop/ass/ass16/Teknoko-master/src/teknoko/ListBarang.java,teknoko.ListBarang,btnUbahMouseClicked/1[java.awt.event.MouseEvent],sql,1
/home/x1/Desktop/ass/ass16/Teknoko-master/src/teknoko/ListBarang.java,teknoko.ListBarang,ComboBox/0,e,1
/home/x1/Desktop/ass/ass16/Teknoko-master/src/teknoko/ListBarang.java,teknoko.ListBarang,ComboBox/0,query,1
/home/x1/Desktop/ass/ass16/Teknoko-master/src/teknoko/ListBarang.java,teknoko.ListBarang,ComboKTKeyTyped/1[java.awt.event.KeyEvent],evt,0
/home/x1/Desktop/ass/ass16/Teknoko-master/src/teknoko/ListBarang.java,teknoko.ListBarang,txtKodeUActionPerformed/1[java.awt.event.ActionEvent],evt,0
/home/x1/Desktop/ass/ass16/Teknoko-master/src/teknoko/ListBarang.java,teknoko.ListBarang,btnKodeMouseClicked/1[java.awt.event.MouseEvent],evt,0
/home/x1/Desktop/ass/ass16/Teknoko-master/src/teknoko/ListBarang.java,teknoko.ListBarang,btnKodeMouseClicked/1[java.awt.event.MouseEvent],temp,2
/home/x1/Desktop/ass/ass16/Teknoko-master/src/teknoko/ListBarang.java,teknoko.ListBarang,btnKodeMouseClicked/1[java.awt.event.MouseEvent],e,0
/home/x1/Desktop/ass/ass16/Teknoko-master/src/teknoko/ListBarang.java,teknoko.ListBarang,btnKodeMouseClicked/1[java.awt.event.MouseEvent],query,1
/home/x1/Desktop/ass/ass16/Teknoko-master/src/teknoko/ListBarang.java,teknoko.ListBarang,btnKodeMouseClicked/1[java.awt.event.MouseEvent],temp2,2
/home/x1/Desktop/ass/ass16/Teknoko-master/src/teknoko/ListBarang.java,teknoko.ListBarang,btnKodeMouseClicked/1[java.awt.event.MouseEvent],temp3,1
/home/x1/Desktop/ass/ass16/Teknoko-master/src/teknoko/ListBarang.java,teknoko.ListBarang,btnKodeMouseClicked/1[java.awt.event.MouseEvent],kat,3
/home/x1/Desktop/ass/ass16/Teknoko-master/src/teknoko/ListBarang.java,teknoko.ListBarang,btnKodeMouseClicked/1[java.awt.event.MouseEvent],temp1,1
/home/x1/Desktop/ass/ass16/Teknoko-master/src/teknoko/ListBarang.java,teknoko.ListBarang,ComboKTKeyReleased/1[java.awt.event.KeyEvent],evt,0
/home/x1/Desktop/ass/ass16/Teknoko-master/src/teknoko/ListBarang.java,teknoko.ListBarang,btnHapusMouseClicked/1[java.awt.event.MouseEvent],evt,0
/home/x1/Desktop/ass/ass16/Teknoko-master/src/teknoko/ListBarang.java,teknoko.ListBarang,txtCariKeyReleased/1[java.awt.event.KeyEvent],evt,0
/home/x1/Desktop/ass/ass16/Teknoko-master/src/teknoko/ListBarang.java,teknoko.ListBarang,txtCariKeyReleased/1[java.awt.event.KeyEvent],searchString,1
/home/x1/Desktop/ass/ass16/Teknoko-master/src/teknoko/ListBarang.java,teknoko.ListBarang,search/1[java.lang.String],str,1
/home/x1/Desktop/ass/ass16/Teknoko-master/src/teknoko/ListBarang.java,teknoko.ListBarang,search/1[java.lang.String],trs,2
/home/x1/Desktop/ass/ass16/Teknoko-master/src/teknoko/Pengiriman.java,teknoko.Pengiriman$Anonymous9,keyReleased/1[java.awt.event.KeyEvent],evt,1
/home/x1/Desktop/ass/ass16/Teknoko-master/src/teknoko/LaporanPengiriman.java,teknoko.LaporanPengiriman,search/1[java.lang.String],str,1
/home/x1/Desktop/ass/ass16/Teknoko-master/src/teknoko/LaporanPengiriman.java,teknoko.LaporanPengiriman,search/1[java.lang.String],trs,2
/home/x1/Desktop/ass/ass16/Teknoko-master/src/teknoko/LaporanPengiriman.java,teknoko.LaporanPengiriman,search/1[java.lang.String],model,2
/home/x1/Desktop/ass/ass16/Teknoko-master/src/teknoko/LaporanPengiriman.java,teknoko.LaporanPengiriman,initComponents/0,layout,5
/home/x1/Desktop/ass/ass16/Teknoko-master/src/teknoko/LaporanPengiriman.java,teknoko.LaporanPengiriman,initComponents/0,paneldLayout,15
/home/x1/Desktop/ass/ass16/Teknoko-master/src/teknoko/LaporanPengiriman.java,teknoko.LaporanPengiriman,data_table/0,e,1
/home/x1/Desktop/ass/ass16/Teknoko-master/src/teknoko/LaporanPengiriman.java,teknoko.LaporanPengiriman,data_table/0,total1,1
/home/x1/Desktop/ass/ass16/Teknoko-master/src/teknoko/LaporanPengiriman.java,teknoko.LaporanPengiriman,data_table/0,model,7
/home/x1/Desktop/ass/ass16/Teknoko-master/src/teknoko/LaporanPengiriman.java,teknoko.LaporanPengiriman,data_table/0,kembalian1,1
/home/x1/Desktop/ass/ass16/Teknoko-master/src/teknoko/LaporanPengiriman.java,teknoko.LaporanPengiriman,data_table/0,bayar1,1
/home/x1/Desktop/ass/ass16/Teknoko-master/src/teknoko/LaporanPengiriman.java,teknoko.LaporanPengiriman,data_table/0,sql,1
/home/x1/Desktop/ass/ass16/Teknoko-master/src/teknoko/LaporanPengiriman.java,teknoko.LaporanPengiriman,tabelMouseClicked/1[java.awt.event.MouseEvent],evt,0
/home/x1/Desktop/ass/ass16/Teknoko-master/src/teknoko/LaporanPengiriman.java,teknoko.LaporanPengiriman,tabelMouseClicked/1[java.awt.event.MouseEvent],model1,3
/home/x1/Desktop/ass/ass16/Teknoko-master/src/teknoko/LaporanPengiriman.java,teknoko.LaporanPengiriman,tabelMouseClicked/1[java.awt.event.MouseEvent],ex,1
/home/x1/Desktop/ass/ass16/Teknoko-master/src/teknoko/LaporanPengiriman.java,teknoko.LaporanPengiriman,tabelMouseClicked/1[java.awt.event.MouseEvent],biaya,3
/home/x1/Desktop/ass/ass16/Teknoko-master/src/teknoko/LaporanPengiriman.java,teknoko.LaporanPengiriman,tabelMouseClicked/1[java.awt.event.MouseEvent],model,1
/home/x1/Desktop/ass/ass16/Teknoko-master/src/teknoko/LaporanPengiriman.java,teknoko.LaporanPengiriman,tabelMouseClicked/1[java.awt.event.MouseEvent],id,1
/home/x1/Desktop/ass/ass16/Teknoko-master/src/teknoko/LaporanPengiriman.java,teknoko.LaporanPengiriman,tabelMouseClicked/1[java.awt.event.MouseEvent],sql,1
/home/x1/Desktop/ass/ass16/Teknoko-master/src/teknoko/LaporanPengiriman.java,teknoko.LaporanPengiriman,tabelMouseClicked/1[java.awt.event.MouseEvent],biaya1,1
/home/x1/Desktop/ass/ass16/Teknoko-master/src/teknoko/LaporanPengiriman.java,teknoko.LaporanPengiriman,btnPrintPengirimanMouseClicked/1[java.awt.event.MouseEvent],kembalian,0
/home/x1/Desktop/ass/ass16/Teknoko-master/src/teknoko/LaporanPengiriman.java,teknoko.LaporanPengiriman,btnPrintPengirimanMouseClicked/1[java.awt.event.MouseEvent],pembayaran,0
/home/x1/Desktop/ass/ass16/Teknoko-master/src/teknoko/LaporanPengiriman.java,teknoko.LaporanPengiriman,btnPrintPengirimanMouseClicked/1[java.awt.event.MouseEvent],evt,0
/home/x1/Desktop/ass/ass16/Teknoko-master/src/teknoko/LaporanPengiriman.java,teknoko.LaporanPengiriman,btnPrintPengirimanMouseClicked/1[java.awt.event.MouseEvent],jawab,1
/home/x1/Desktop/ass/ass16/Teknoko-master/src/teknoko/LaporanPengiriman.java,teknoko.LaporanPengiriman,btnPrintPengirimanMouseClicked/1[java.awt.event.MouseEvent],model1,3
/home/x1/Desktop/ass/ass16/Teknoko-master/src/teknoko/LaporanPengiriman.java,teknoko.LaporanPengiriman,btnPrintPengirimanMouseClicked/1[java.awt.event.MouseEvent],harga_total,0
/home/x1/Desktop/ass/ass16/Teknoko-master/src/teknoko/LaporanPengiriman.java,teknoko.LaporanPengiriman,btnPrintPengirimanMouseClicked/1[java.awt.event.MouseEvent],alamat,1
/home/x1/Desktop/ass/ass16/Teknoko-master/src/teknoko/LaporanPengiriman.java,teknoko.LaporanPengiriman,btnPrintPengirimanMouseClicked/1[java.awt.event.MouseEvent],nama_pelanggan,1
/home/x1/Desktop/ass/ass16/Teknoko-master/src/teknoko/LaporanPengiriman.java,teknoko.LaporanPengiriman,btnPrintPengirimanMouseClicked/1[java.awt.event.MouseEvent],ex,1
/home/x1/Desktop/ass/ass16/Teknoko-master/src/teknoko/LaporanPengiriman.java,teknoko.LaporanPengiriman,btnPrintPengirimanMouseClicked/1[java.awt.event.MouseEvent],biaya,1
/home/x1/Desktop/ass/ass16/Teknoko-master/src/teknoko/LaporanPengiriman.java,teknoko.LaporanPengiriman,btnPrintPengirimanMouseClicked/1[java.awt.event.MouseEvent],model,5
/home/x1/Desktop/ass/ass16/Teknoko-master/src/teknoko/LaporanPengiriman.java,teknoko.LaporanPengiriman,btnPrintPengirimanMouseClicked/1[java.awt.event.MouseEvent],id,1
/home/x1/Desktop/ass/ass16/Teknoko-master/src/teknoko/LaporanPengiriman.java,teknoko.LaporanPengiriman,btnPrintPengirimanMouseClicked/1[java.awt.event.MouseEvent],tanggal,1
/home/x1/Desktop/ass/ass16/Teknoko-master/src/teknoko/LaporanPengiriman.java,teknoko.LaporanPengiriman,txtCariActionPerformed/1[java.awt.event.ActionEvent],evt,0
/home/x1/Desktop/ass/ass16/Teknoko-master/src/teknoko/LaporanPengiriman.java,teknoko.LaporanPengiriman,txtCariKeyReleased/1[java.awt.event.KeyEvent],evt,0
/home/x1/Desktop/ass/ass16/Teknoko-master/src/teknoko/LaporanPengiriman.java,teknoko.LaporanPengiriman,txtCariKeyReleased/1[java.awt.event.KeyEvent],searchString,1
/home/x1/Desktop/ass/ass16/Teknoko-master/src/teknoko/LaporanPengiriman.java,teknoko.LaporanPengiriman,table1/0,model1,5
/home/x1/Desktop/ass/ass16/Teknoko-master/src/teknoko/LaporanPengiriman.java,teknoko.LaporanPengiriman,btnHapusMouseClicked/1[java.awt.event.MouseEvent],evt,0
/home/x1/Desktop/ass/ass16/Teknoko-master/src/teknoko/Pengiriman.java,teknoko.Pengiriman$Anonymous4,actionPerformed/1[java.awt.event.ActionEvent],evt,1
/home/x1/Desktop/ass/ass16/Teknoko-master/src/teknoko/Pengiriman.java,teknoko.Pengiriman$Anonymous5,keyReleased/1[java.awt.event.KeyEvent],evt,1
/home/x1/Desktop/ass/ass16/Teknoko-master/src/teknoko/Pengiriman.java,teknoko.Pengiriman$Anonymous6,mouseClicked/1[java.awt.event.MouseEvent],evt,1
/home/x1/Desktop/ass/ass16/Teknoko-master/src/teknoko/Pengiriman.java,teknoko.Pengiriman$Anonymous7,actionPerformed/1[java.awt.event.ActionEvent],evt,1
/home/x1/Desktop/ass/ass16/Teknoko-master/src/teknoko/Pengiriman.java,teknoko.Pengiriman$Anonymous1,mouseClicked/1[java.awt.event.MouseEvent],evt,1
/home/x1/Desktop/ass/ass16/Teknoko-master/src/teknoko/Pengiriman.java,teknoko.Pengiriman$Anonymous2,actionPerformed/1[java.awt.event.ActionEvent],evt,1
/home/x1/Desktop/ass/ass16/Teknoko-master/src/teknoko/Pengiriman.java,teknoko.Pengiriman$Anonymous3,keyReleased/1[java.awt.event.KeyEvent],evt,1
/home/x1/Desktop/ass/ass16/Teknoko-master/src/teknoko/LaporanTransaksi.java,teknoko.LaporanTransaksi$Anonymous5,mouseClicked/1[java.awt.event.MouseEvent],evt,1
/home/x1/Desktop/ass/ass16/Teknoko-master/src/teknoko/koneksi.java,teknoko.koneksi,koneksi/0,conn,1
/home/x1/Desktop/ass/ass16/Teknoko-master/src/teknoko/koneksi.java,teknoko.koneksi,koneksi/0,driver,1
/home/x1/Desktop/ass/ass16/Teknoko-master/src/teknoko/koneksi.java,teknoko.koneksi,koneksi/0,pass,1
/home/x1/Desktop/ass/ass16/Teknoko-master/src/teknoko/koneksi.java,teknoko.koneksi,koneksi/0,e,1
/home/x1/Desktop/ass/ass16/Teknoko-master/src/teknoko/koneksi.java,teknoko.koneksi,koneksi/0,host,1
/home/x1/Desktop/ass/ass16/Teknoko-master/src/teknoko/koneksi.java,teknoko.koneksi,koneksi/0,user,1
/home/x1/Desktop/ass/ass16/Teknoko-master/src/teknoko/Transaksi.java,teknoko.Transaksi,txtTotalActionPerformed/1[java.awt.event.ActionEvent],evt,0
/home/x1/Desktop/ass/ass16/Teknoko-master/src/teknoko/Transaksi.java,teknoko.Transaksi,txtJumlahKeyPressed/1[java.awt.event.KeyEvent],evt,0
/home/x1/Desktop/ass/ass16/Teknoko-master/src/teknoko/Transaksi.java,teknoko.Transaksi,initComponents/0,layout,5
/home/x1/Desktop/ass/ass16/Teknoko-master/src/teknoko/Transaksi.java,teknoko.Transaksi,initComponents/0,jPanel2Layout,24
/home/x1/Desktop/ass/ass16/Teknoko-master/src/teknoko/Transaksi.java,teknoko.Transaksi,initComponents/0,paneldLayout,18
/home/x1/Desktop/ass/ass16/Teknoko-master/src/teknoko/Transaksi.java,teknoko.Transaksi,initComponents/0,jPanel1Layout,11
/home/x1/Desktop/ass/ass16/Teknoko-master/src/teknoko/Transaksi.java,teknoko.Transaksi,Id/0,temp,2
/home/x1/Desktop/ass/ass16/Teknoko-master/src/teknoko/Transaksi.java,teknoko.Transaksi,Id/0,e,0
/home/x1/Desktop/ass/ass16/Teknoko-master/src/teknoko/Transaksi.java,teknoko.Transaksi,Id/0,query,1
/home/x1/Desktop/ass/ass16/Teknoko-master/src/teknoko/Transaksi.java,teknoko.Transaksi,Id/0,temp2,3
/home/x1/Desktop/ass/ass16/Teknoko-master/src/teknoko/Transaksi.java,teknoko.Transaksi,Id/0,temp3,3
/home/x1/Desktop/ass/ass16/Teknoko-master/src/teknoko/Transaksi.java,teknoko.Transaksi,Id/0,temp1,1
/home/x1/Desktop/ass/ass16/Teknoko-master/src/teknoko/Transaksi.java,teknoko.Transaksi,txtTanggalMouseClicked/1[java.awt.event.MouseEvent],evt,0
/home/x1/Desktop/ass/ass16/Teknoko-master/src/teknoko/Transaksi.java,teknoko.Transaksi,btnSubmitMouseClicked/1[java.awt.event.MouseEvent],evt,0
/home/x1/Desktop/ass/ass16/Teknoko-master/src/teknoko/Transaksi.java,teknoko.Transaksi,btnSubmitMouseClicked/1[java.awt.event.MouseEvent],temp,2
/home/x1/Desktop/ass/ass16/Teknoko-master/src/teknoko/Transaksi.java,teknoko.Transaksi,btnSubmitMouseClicked/1[java.awt.event.MouseEvent],total,3
/home/x1/Desktop/ass/ass16/Teknoko-master/src/teknoko/Transaksi.java,teknoko.Transaksi,btnSubmitMouseClicked/1[java.awt.event.MouseEvent],data,1
/home/x1/Desktop/ass/ass16/Teknoko-master/src/teknoko/Transaksi.java,teknoko.Transaksi,btnSubmitMouseClicked/1[java.awt.event.MouseEvent],t,2
/home/x1/Desktop/ass/ass16/Teknoko-master/src/teknoko/Transaksi.java,teknoko.Transaksi,btnSubmitMouseClicked/1[java.awt.event.MouseEvent],hargaS,1
/home/x1/Desktop/ass/ass16/Teknoko-master/src/teknoko/Transaksi.java,teknoko.Transaksi,btnSubmitMouseClicked/1[java.awt.event.MouseEvent],i,7
/home/x1/Desktop/ass/ass16/Teknoko-master/src/teknoko/Transaksi.java,teknoko.Transaksi,btnSubmitMouseClicked/1[java.awt.event.MouseEvent],model,1
/home/x1/Desktop/ass/ass16/Teknoko-master/src/teknoko/Transaksi.java,teknoko.Transaksi,btnSubmitMouseClicked/1[java.awt.event.MouseEvent],totalS,1
/home/x1/Desktop/ass/ass16/Teknoko-master/src/teknoko/Transaksi.java,teknoko.Transaksi,btnSubmitMouseClicked/1[java.awt.event.MouseEvent],t1,2
/home/x1/Desktop/ass/ass16/Teknoko-master/src/teknoko/Transaksi.java,teknoko.Transaksi,btnSubmitMouseClicked/1[java.awt.event.MouseEvent],temp1,2
/home/x1/Desktop/ass/ass16/Teknoko-master/src/teknoko/Transaksi.java,teknoko.Transaksi,btnSubmitMouseClicked/1[java.awt.event.MouseEvent],jumlahHarga,1
/home/x1/Desktop/ass/ass16/Teknoko-master/src/teknoko/Transaksi.java,teknoko.Transaksi,txtBayarKeyReleased/1[java.awt.event.KeyEvent],kembalian,1
/home/x1/Desktop/ass/ass16/Teknoko-master/src/teknoko/Transaksi.java,teknoko.Transaksi,txtBayarKeyReleased/1[java.awt.event.KeyEvent],evt,0
/home/x1/Desktop/ass/ass16/Teknoko-master/src/teknoko/Transaksi.java,teknoko.Transaksi,txtBayarKeyReleased/1[java.awt.event.KeyEvent],total,1
/home/x1/Desktop/ass/ass16/Teknoko-master/src/teknoko/Transaksi.java,teknoko.Transaksi,txtBayarKeyReleased/1[java.awt.event.KeyEvent],temp,2
/home/x1/Desktop/ass/ass16/Teknoko-master/src/teknoko/Transaksi.java,teknoko.Transaksi,txtBayarKeyReleased/1[java.awt.event.KeyEvent],t,2
/home/x1/Desktop/ass/ass16/Teknoko-master/src/teknoko/Transaksi.java,teknoko.Transaksi,txtBayarKeyReleased/1[java.awt.event.KeyEvent],i,3
/home/x1/Desktop/ass/ass16/Teknoko-master/src/teknoko/Transaksi.java,teknoko.Transaksi,txtBayarKeyReleased/1[java.awt.event.KeyEvent],total1,1
/home/x1/Desktop/ass/ass16/Teknoko-master/src/teknoko/Transaksi.java,teknoko.Transaksi,txtBayarKeyReleased/1[java.awt.event.KeyEvent],bayar,2
/home/x1/Desktop/ass/ass16/Teknoko-master/src/teknoko/Transaksi.java,teknoko.Transaksi,txtBayarKeyReleased/1[java.awt.event.KeyEvent],bayar1,2
/home/x1/Desktop/ass/ass16/Teknoko-master/src/teknoko/Transaksi.java,teknoko.Transaksi,btnCariMouseClicked/1[java.awt.event.MouseEvent],evt,0
/home/x1/Desktop/ass/ass16/Teknoko-master/src/teknoko/Transaksi.java,teknoko.Transaksi,btnCariMouseClicked/1[java.awt.event.MouseEvent],car,1
/home/x1/Desktop/ass/ass16/Teknoko-master/src/teknoko/Transaksi.java,teknoko.Transaksi,txtJumlahKeyTyped/1[java.awt.event.KeyEvent],evt,0
/home/x1/Desktop/ass/ass16/Teknoko-master/src/teknoko/Transaksi.java,teknoko.Transaksi,btnHapusMouseClicked/1[java.awt.event.MouseEvent],evt,0
/home/x1/Desktop/ass/ass16/Teknoko-master/src/teknoko/Transaksi.java,teknoko.Transaksi,btnHapusMouseClicked/1[java.awt.event.MouseEvent],jawab,1
/home/x1/Desktop/ass/ass16/Teknoko-master/src/teknoko/Transaksi.java,teknoko.Transaksi,btnHapusMouseClicked/1[java.awt.event.MouseEvent],temp,2
/home/x1/Desktop/ass/ass16/Teknoko-master/src/teknoko/Transaksi.java,teknoko.Transaksi,btnHapusMouseClicked/1[java.awt.event.MouseEvent],i,7
/home/x1/Desktop/ass/ass16/Teknoko-master/src/teknoko/Transaksi.java,teknoko.Transaksi,btnHapusMouseClicked/1[java.awt.event.MouseEvent],total1,1
/home/x1/Desktop/ass/ass16/Teknoko-master/src/teknoko/Transaksi.java,teknoko.Transaksi,btnHapusMouseClicked/1[java.awt.event.MouseEvent],hap1,1
/home/x1/Desktop/ass/ass16/Teknoko-master/src/teknoko/Transaksi.java,teknoko.Transaksi,btnHapusMouseClicked/1[java.awt.event.MouseEvent],akhir,1
/home/x1/Desktop/ass/ass16/Teknoko-master/src/teknoko/Transaksi.java,teknoko.Transaksi,btnHapusMouseClicked/1[java.awt.event.MouseEvent],temp1,2
/home/x1/Desktop/ass/ass16/Teknoko-master/src/teknoko/Transaksi.java,teknoko.Transaksi,btnHapusMouseClicked/1[java.awt.event.MouseEvent],akhir1,1
/home/x1/Desktop/ass/ass16/Teknoko-master/src/teknoko/Transaksi.java,teknoko.Transaksi,btnHapusMouseClicked/1[java.awt.event.MouseEvent],total,1
/home/x1/Desktop/ass/ass16/Teknoko-master/src/teknoko/Transaksi.java,teknoko.Transaksi,btnHapusMouseClicked/1[java.awt.event.MouseEvent],t,2
/home/x1/Desktop/ass/ass16/Teknoko-master/src/teknoko/Transaksi.java,teknoko.Transaksi,btnHapusMouseClicked/1[java.awt.event.MouseEvent],hap,2
/home/x1/Desktop/ass/ass16/Teknoko-master/src/teknoko/Transaksi.java,teknoko.Transaksi,btnHapusMouseClicked/1[java.awt.event.MouseEvent],model,2
/home/x1/Desktop/ass/ass16/Teknoko-master/src/teknoko/Transaksi.java,teknoko.Transaksi,btnHapusMouseClicked/1[java.awt.event.MouseEvent],t1,2
/home/x1/Desktop/ass/ass16/Teknoko-master/src/teknoko/Transaksi.java,teknoko.Transaksi,btnCariActionPerformed/1[java.awt.event.ActionEvent],evt,0
/home/x1/Desktop/ass/ass16/Teknoko-master/src/teknoko/Transaksi.java,teknoko.Transaksi,getTanggal/0,date,1
/home/x1/Desktop/ass/ass16/Teknoko-master/src/teknoko/Transaksi.java,teknoko.Transaksi,getTanggal/0,dateFormat,1
/home/x1/Desktop/ass/ass16/Teknoko-master/src/teknoko/Transaksi.java,teknoko.Transaksi,clear/0,model,1
/home/x1/Desktop/ass/ass16/Teknoko-master/src/teknoko/Transaksi.java,teknoko.Transaksi,btnSimpanMouseClicked/1[java.awt.event.MouseEvent],kembalian,1
/home/x1/Desktop/ass/ass16/Teknoko-master/src/teknoko/Transaksi.java,teknoko.Transaksi,btnSimpanMouseClicked/1[java.awt.event.MouseEvent],jawab,1
/home/x1/Desktop/ass/ass16/Teknoko-master/src/teknoko/Transaksi.java,teknoko.Transaksi,btnSimpanMouseClicked/1[java.awt.event.MouseEvent],temp2,2
/home/x1/Desktop/ass/ass16/Teknoko-master/src/teknoko/Transaksi.java,teknoko.Transaksi,btnSimpanMouseClicked/1[java.awt.event.MouseEvent],temp1,2
/home/x1/Desktop/ass/ass16/Teknoko-master/src/teknoko/Transaksi.java,teknoko.Transaksi,btnSimpanMouseClicked/1[java.awt.event.MouseEvent],total,1
/home/x1/Desktop/ass/ass16/Teknoko-master/src/teknoko/Transaksi.java,teknoko.Transaksi,btnSimpanMouseClicked/1[java.awt.event.MouseEvent],jumlah,1
/home/x1/Desktop/ass/ass16/Teknoko-master/src/teknoko/Transaksi.java,teknoko.Transaksi,btnSimpanMouseClicked/1[java.awt.event.MouseEvent],bayar,1
/home/x1/Desktop/ass/ass16/Teknoko-master/src/teknoko/Transaksi.java,teknoko.Transaksi,btnSimpanMouseClicked/1[java.awt.event.MouseEvent],kd,1
/home/x1/Desktop/ass/ass16/Teknoko-master/src/teknoko/Transaksi.java,teknoko.Transaksi,btnSimpanMouseClicked/1[java.awt.event.MouseEvent],model,4
/home/x1/Desktop/ass/ass16/Teknoko-master/src/teknoko/Transaksi.java,teknoko.Transaksi,btnSimpanMouseClicked/1[java.awt.event.MouseEvent],id,1
/home/x1/Desktop/ass/ass16/Teknoko-master/src/teknoko/Transaksi.java,teknoko.Transaksi,btnSimpanMouseClicked/1[java.awt.event.MouseEvent],query1,1
/home/x1/Desktop/ass/ass16/Teknoko-master/src/teknoko/Transaksi.java,teknoko.Transaksi,btnSimpanMouseClicked/1[java.awt.event.MouseEvent],evt,0
/home/x1/Desktop/ass/ass16/Teknoko-master/src/teknoko/Transaksi.java,teknoko.Transaksi,btnSimpanMouseClicked/1[java.awt.event.MouseEvent],temp,2
/home/x1/Desktop/ass/ass16/Teknoko-master/src/teknoko/Transaksi.java,teknoko.Transaksi,btnSimpanMouseClicked/1[java.awt.event.MouseEvent],e,1
/home/x1/Desktop/ass/ass16/Teknoko-master/src/teknoko/Transaksi.java,teknoko.Transaksi,btnSimpanMouseClicked/1[java.awt.event.MouseEvent],query,1
/home/x1/Desktop/ass/ass16/Teknoko-master/src/teknoko/Transaksi.java,teknoko.Transaksi,btnSimpanMouseClicked/1[java.awt.event.MouseEvent],i,9
/home/x1/Desktop/ass/ass16/Teknoko-master/src/teknoko/Transaksi.java,teknoko.Transaksi,btnSimpanMouseClicked/1[java.awt.event.MouseEvent],total1,1
/home/x1/Desktop/ass/ass16/Teknoko-master/src/teknoko/Transaksi.java,teknoko.Transaksi,btnSimpanMouseClicked/1[java.awt.event.MouseEvent],j,3
/home/x1/Desktop/ass/ass16/Teknoko-master/src/teknoko/Transaksi.java,teknoko.Transaksi,btnSimpanMouseClicked/1[java.awt.event.MouseEvent],k,3
/home/x1/Desktop/ass/ass16/Teknoko-master/src/teknoko/Transaksi.java,teknoko.Transaksi,btnSimpanMouseClicked/1[java.awt.event.MouseEvent],kembalian1,1
/home/x1/Desktop/ass/ass16/Teknoko-master/src/teknoko/Transaksi.java,teknoko.Transaksi,btnSimpanMouseClicked/1[java.awt.event.MouseEvent],akhir,1
/home/x1/Desktop/ass/ass16/Teknoko-master/src/teknoko/Transaksi.java,teknoko.Transaksi,btnSimpanMouseClicked/1[java.awt.event.MouseEvent],akhir1,1
/home/x1/Desktop/ass/ass16/Teknoko-master/src/teknoko/Transaksi.java,teknoko.Transaksi,btnSimpanMouseClicked/1[java.awt.event.MouseEvent],t,2
/home/x1/Desktop/ass/ass16/Teknoko-master/src/teknoko/Transaksi.java,teknoko.Transaksi,btnSimpanMouseClicked/1[java.awt.event.MouseEvent],tanggal,1
/home/x1/Desktop/ass/ass16/Teknoko-master/src/teknoko/Transaksi.java,teknoko.Transaksi,btnSimpanMouseClicked/1[java.awt.event.MouseEvent],t1,2
/home/x1/Desktop/ass/ass16/Teknoko-master/src/teknoko/Transaksi.java,teknoko.Transaksi,btnSimpanMouseClicked/1[java.awt.event.MouseEvent],t2,2
/home/x1/Desktop/ass/ass16/Teknoko-master/src/teknoko/Transaksi.java,teknoko.Transaksi,txtJumlahKeyReleased/1[java.awt.event.KeyEvent],evt,0
/home/x1/Desktop/ass/ass16/Teknoko-master/src/teknoko/Transaksi.java,teknoko.Transaksi,txtJumlahKeyReleased/1[java.awt.event.KeyEvent],temp,2
/home/x1/Desktop/ass/ass16/Teknoko-master/src/teknoko/Transaksi.java,teknoko.Transaksi,txtJumlahKeyReleased/1[java.awt.event.KeyEvent],hargaS,1
/home/x1/Desktop/ass/ass16/Teknoko-master/src/teknoko/Transaksi.java,teknoko.Transaksi,txtJumlahKeyReleased/1[java.awt.event.KeyEvent],t,2
/home/x1/Desktop/ass/ass16/Teknoko-master/src/teknoko/Transaksi.java,teknoko.Transaksi,txtJumlahKeyReleased/1[java.awt.event.KeyEvent],e,0
/home/x1/Desktop/ass/ass16/Teknoko-master/src/teknoko/Transaksi.java,teknoko.Transaksi,txtJumlahKeyReleased/1[java.awt.event.KeyEvent],i,3
/home/x1/Desktop/ass/ass16/Teknoko-master/src/teknoko/Transaksi.java,teknoko.Transaksi,txtJumlahKeyReleased/1[java.awt.event.KeyEvent],jumlah1,1
/home/x1/Desktop/ass/ass16/Teknoko-master/src/teknoko/Transaksi.java,teknoko.Transaksi,txtJumlahKeyReleased/1[java.awt.event.KeyEvent],jumlahHarga,2
/home/x1/Desktop/ass/ass16/Teknoko-master/src/teknoko/LaporanTransaksi.java,teknoko.LaporanTransaksi,txtCariActionPerformed/1[java.awt.event.ActionEvent],evt,0
/home/x1/Desktop/ass/ass16/Teknoko-master/src/teknoko/LaporanTransaksi.java,teknoko.LaporanTransaksi,txtCariKeyReleased/1[java.awt.event.KeyEvent],evt,0
/home/x1/Desktop/ass/ass16/Teknoko-master/src/teknoko/LaporanTransaksi.java,teknoko.LaporanTransaksi,txtCariKeyReleased/1[java.awt.event.KeyEvent],searchString,1
/home/x1/Desktop/ass/ass16/Teknoko-master/src/teknoko/LaporanTransaksi.java,teknoko.LaporanTransaksi,btnPrintTransaksiMouseClicked/1[java.awt.event.MouseEvent],kembalian,1
/home/x1/Desktop/ass/ass16/Teknoko-master/src/teknoko/LaporanTransaksi.java,teknoko.LaporanTransaksi,btnPrintTransaksiMouseClicked/1[java.awt.event.MouseEvent],pembayaran,1
/home/x1/Desktop/ass/ass16/Teknoko-master/src/teknoko/LaporanTransaksi.java,teknoko.LaporanTransaksi,btnPrintTransaksiMouseClicked/1[java.awt.event.MouseEvent],evt,0
/home/x1/Desktop/ass/ass16/Teknoko-master/src/teknoko/LaporanTransaksi.java,teknoko.LaporanTransaksi,btnPrintTransaksiMouseClicked/1[java.awt.event.MouseEvent],jawab,1
/home/x1/Desktop/ass/ass16/Teknoko-master/src/teknoko/LaporanTransaksi.java,teknoko.LaporanTransaksi,btnPrintTransaksiMouseClicked/1[java.awt.event.MouseEvent],model1,9
/home/x1/Desktop/ass/ass16/Teknoko-master/src/teknoko/LaporanTransaksi.java,teknoko.LaporanTransaksi,btnPrintTransaksiMouseClicked/1[java.awt.event.MouseEvent],harga_total,1
/home/x1/Desktop/ass/ass16/Teknoko-master/src/teknoko/LaporanTransaksi.java,teknoko.LaporanTransaksi,btnPrintTransaksiMouseClicked/1[java.awt.event.MouseEvent],i,10
/home/x1/Desktop/ass/ass16/Teknoko-master/src/teknoko/LaporanTransaksi.java,teknoko.LaporanTransaksi,btnPrintTransaksiMouseClicked/1[java.awt.event.MouseEvent],j,11
/home/x1/Desktop/ass/ass16/Teknoko-master/src/teknoko/LaporanTransaksi.java,teknoko.LaporanTransaksi,btnPrintTransaksiMouseClicked/1[java.awt.event.MouseEvent],harga_akhir,3
/home/x1/Desktop/ass/ass16/Teknoko-master/src/teknoko/LaporanTransaksi.java,teknoko.LaporanTransaksi,btnPrintTransaksiMouseClicked/1[java.awt.event.MouseEvent],ex,1
/home/x1/Desktop/ass/ass16/Teknoko-master/src/teknoko/LaporanTransaksi.java,teknoko.LaporanTransaksi,btnPrintTransaksiMouseClicked/1[java.awt.event.MouseEvent],harga,3
/home/x1/Desktop/ass/ass16/Teknoko-master/src/teknoko/LaporanTransaksi.java,teknoko.LaporanTransaksi,btnPrintTransaksiMouseClicked/1[java.awt.event.MouseEvent],jumlah,3
/home/x1/Desktop/ass/ass16/Teknoko-master/src/teknoko/LaporanTransaksi.java,teknoko.LaporanTransaksi,btnPrintTransaksiMouseClicked/1[java.awt.event.MouseEvent],model,5
/home/x1/Desktop/ass/ass16/Teknoko-master/src/teknoko/LaporanTransaksi.java,teknoko.LaporanTransaksi,btnPrintTransaksiMouseClicked/1[java.awt.event.MouseEvent],nama_barang,5
/home/x1/Desktop/ass/ass16/Teknoko-master/src/teknoko/LaporanTransaksi.java,teknoko.LaporanTransaksi,btnPrintTransaksiMouseClicked/1[java.awt.event.MouseEvent],id,1
/home/x1/Desktop/ass/ass16/Teknoko-master/src/teknoko/LaporanTransaksi.java,teknoko.LaporanTransaksi,btnPrintTransaksiMouseClicked/1[java.awt.event.MouseEvent],tanggal,1
/home/x1/Desktop/ass/ass16/Teknoko-master/src/teknoko/LaporanTransaksi.java,teknoko.LaporanTransaksi,data_table/0,e,1
/home/x1/Desktop/ass/ass16/Teknoko-master/src/teknoko/LaporanTransaksi.java,teknoko.LaporanTransaksi,data_table/0,total1,1
/home/x1/Desktop/ass/ass16/Teknoko-master/src/teknoko/LaporanTransaksi.java,teknoko.LaporanTransaksi,data_table/0,model,7
/home/x1/Desktop/ass/ass16/Teknoko-master/src/teknoko/LaporanTransaksi.java,teknoko.LaporanTransaksi,data_table/0,kembalian1,1
/home/x1/Desktop/ass/ass16/Teknoko-master/src/teknoko/LaporanTransaksi.java,teknoko.LaporanTransaksi,data_table/0,bayar1,1
/home/x1/Desktop/ass/ass16/Teknoko-master/src/teknoko/LaporanTransaksi.java,teknoko.LaporanTransaksi,data_table/0,sql,1
/home/x1/Desktop/ass/ass16/Teknoko-master/src/teknoko/LaporanTransaksi.java,teknoko.LaporanTransaksi,initComponents/0,layout,5
/home/x1/Desktop/ass/ass16/Teknoko-master/src/teknoko/LaporanTransaksi.java,teknoko.LaporanTransaksi,initComponents/0,paneldLayout,15
/home/x1/Desktop/ass/ass16/Teknoko-master/src/teknoko/LaporanTransaksi.java,teknoko.LaporanTransaksi,search/1[java.lang.String],str,1
/home/x1/Desktop/ass/ass16/Teknoko-master/src/teknoko/LaporanTransaksi.java,teknoko.LaporanTransaksi,search/1[java.lang.String],trs,2
/home/x1/Desktop/ass/ass16/Teknoko-master/src/teknoko/LaporanTransaksi.java,teknoko.LaporanTransaksi,search/1[java.lang.String],model,2
/home/x1/Desktop/ass/ass16/Teknoko-master/src/teknoko/LaporanTransaksi.java,teknoko.LaporanTransaksi,btnHapusMouseClicked/1[java.awt.event.MouseEvent],evt,0
/home/x1/Desktop/ass/ass16/Teknoko-master/src/teknoko/LaporanTransaksi.java,teknoko.LaporanTransaksi,table1/0,model1,6
/home/x1/Desktop/ass/ass16/Teknoko-master/src/teknoko/LaporanTransaksi.java,teknoko.LaporanTransaksi,tabelMouseClicked/1[java.awt.event.MouseEvent],evt,0
/home/x1/Desktop/ass/ass16/Teknoko-master/src/teknoko/LaporanTransaksi.java,teknoko.LaporanTransaksi,tabelMouseClicked/1[java.awt.event.MouseEvent],model1,3
/home/x1/Desktop/ass/ass16/Teknoko-master/src/teknoko/LaporanTransaksi.java,teknoko.LaporanTransaksi,tabelMouseClicked/1[java.awt.event.MouseEvent],ex,1
/home/x1/Desktop/ass/ass16/Teknoko-master/src/teknoko/LaporanTransaksi.java,teknoko.LaporanTransaksi,tabelMouseClicked/1[java.awt.event.MouseEvent],harga,3
/home/x1/Desktop/ass/ass16/Teknoko-master/src/teknoko/LaporanTransaksi.java,teknoko.LaporanTransaksi,tabelMouseClicked/1[java.awt.event.MouseEvent],model,1
/home/x1/Desktop/ass/ass16/Teknoko-master/src/teknoko/LaporanTransaksi.java,teknoko.LaporanTransaksi,tabelMouseClicked/1[java.awt.event.MouseEvent],harga1,1
/home/x1/Desktop/ass/ass16/Teknoko-master/src/teknoko/LaporanTransaksi.java,teknoko.LaporanTransaksi,tabelMouseClicked/1[java.awt.event.MouseEvent],harga_akhir1,1
/home/x1/Desktop/ass/ass16/Teknoko-master/src/teknoko/LaporanTransaksi.java,teknoko.LaporanTransaksi,tabelMouseClicked/1[java.awt.event.MouseEvent],id,1
/home/x1/Desktop/ass/ass16/Teknoko-master/src/teknoko/LaporanTransaksi.java,teknoko.LaporanTransaksi,tabelMouseClicked/1[java.awt.event.MouseEvent],harga_akhir,3
/home/x1/Desktop/ass/ass16/Teknoko-master/src/teknoko/LaporanTransaksi.java,teknoko.LaporanTransaksi,tabelMouseClicked/1[java.awt.event.MouseEvent],sql,1
