file,class,method,constructor,line,cbo,cboModified,fanin,fanout,wmc,rfc,loc,returnsQty,variablesQty,parametersQty,methodsInvokedQty,methodsInvokedLocalQty,methodsInvokedIndirectLocalQty,loopQty,comparisonsQty,tryCatchQty,parenthesizedExpsQty,stringLiteralsQty,numbersQty,assignmentsQty,mathOperationsQty,maxNestedBlocksQty,anonymousClassesQty,innerClassesQty,lambdasQty,uniqueWordsQty,modifiers,logStatementsQty,hasJavaDoc
/home/x1/Desktop/ass/ass16/ecommerce-website-main/src/java/ChangePassword.java,ChangePassword,"doPost/2[HttpServletRequest,HttpServletResponse]",false,11,5,1,0,1,3,20,36,0,9,2,20,0,0,0,0,1,0,22,3,10,0,2,0,0,0,39,1,0,false
/home/x1/Desktop/ass/ass16/ecommerce-website-main/src/java/AddNewProduct.java,AddNewProduct,"doPost/2[HttpServletRequest,HttpServletResponse]",false,13,5,1,0,1,6,23,49,0,14,2,23,0,0,2,1,1,1,7,18,18,0,4,0,0,0,39,1,0,false
/home/x1/Desktop/ass/ass16/ecommerce-website-main/src/java/NewUser1.java,NewUser1,"doPost/2[HttpServletRequest,HttpServletResponse]",false,10,4,1,0,1,3,15,48,0,13,2,15,0,0,0,0,1,0,26,6,13,0,2,0,0,0,52,1,0,false
/home/x1/Desktop/ass/ass16/ecommerce-website-main/src/java/ViewProducts.java,ViewProducts,"doGet/2[HttpServletRequest,HttpServletResponse]",false,11,4,1,0,1,4,10,33,0,7,2,10,0,0,1,0,1,0,15,7,15,8,3,0,0,0,42,1,0,false
/home/x1/Desktop/ass/ass16/ecommerce-website-main/src/java/GetProductImage.java,GetProductImage,"doGet/2[HttpServletRequest,HttpServletResponse]",false,11,4,1,0,1,2,12,19,0,6,2,12,0,0,0,0,1,0,4,1,7,0,1,0,0,0,28,1,0,false
/home/x1/Desktop/ass/ass16/ecommerce-website-main/src/java/GetProductType.java,GetProductType,"doGet/2[HttpServletRequest,HttpServletResponse]",false,11,3,1,0,1,3,7,15,0,5,2,7,0,0,1,0,1,0,3,1,6,1,2,0,0,0,25,1,0,false
/home/x1/Desktop/ass/ass16/ecommerce-website-main/src/java/ForgotPassword.java,ForgotPassword$Anonymous1,getPasswordAuthentication/0,false,45,1,0,0,0,1,0,3,1,0,0,0,0,0,0,0,0,0,0,0,0,0,0,0,0,0,3,4,0,false
/home/x1/Desktop/ass/ass16/ecommerce-website-main/src/java/p1/DB_Connection.java,p1.DB_Connection,get_DBConnection/0,false,12,0,28,28,0,2,3,11,1,1,0,3,0,0,0,0,1,0,4,0,2,0,1,0,0,0,10,9,0,false
/home/x1/Desktop/ass/ass16/ecommerce-website-main/src/java/PlaceOrder.java,PlaceOrder$Anonymous1,getPasswordAuthentication/0,false,156,1,0,0,0,1,0,3,1,0,0,0,0,0,0,0,0,0,0,0,0,0,0,0,0,0,3,4,0,false
/home/x1/Desktop/ass/ass16/ecommerce-website-main/src/java/ViewOrders.java,ViewOrders,"doGet/2[HttpServletRequest,HttpServletResponse]",false,11,4,1,0,1,6,15,52,0,10,2,15,0,0,2,1,1,0,35,10,25,14,4,0,0,0,55,1,0,false
/home/x1/Desktop/ass/ass16/ecommerce-website-main/src/java/Feedback.java,Feedback,"doGet/2[HttpServletRequest,HttpServletResponse]",false,11,4,1,0,1,2,13,24,0,8,2,13,0,0,0,0,1,0,9,4,8,0,1,0,0,0,39,1,0,false
/home/x1/Desktop/ass/ass16/ecommerce-website-main/src/java/DeleteProduct.java,DeleteProduct,"doGet/2[HttpServletRequest,HttpServletResponse]",false,11,4,1,0,1,2,10,16,0,5,2,10,0,0,0,0,1,0,3,1,5,0,1,0,0,0,25,1,0,false
/home/x1/Desktop/ass/ass16/ecommerce-website-main/src/java/NewUser.java,NewUser$Anonymous1,getPasswordAuthentication/0,false,48,1,0,0,0,1,0,3,1,0,0,0,0,0,0,0,0,0,0,0,0,0,0,0,0,0,3,4,0,false
/home/x1/Desktop/ass/ass16/ecommerce-website-main/src/java/NewUser.java,NewUser,"doPost/2[HttpServletRequest,HttpServletResponse]",false,13,8,1,0,1,3,21,62,0,21,2,21,0,0,0,1,1,0,38,5,21,2,2,1,0,0,87,1,0,false
/home/x1/Desktop/ass/ass16/ecommerce-website-main/src/java/Cart.java,Cart,"doPost/2[HttpServletRequest,HttpServletResponse]",false,13,5,1,0,1,10,25,68,0,16,2,25,0,0,1,7,1,2,48,5,33,17,3,0,0,0,97,1,0,false
/home/x1/Desktop/ass/ass16/ecommerce-website-main/src/java/ManageProducts.java,ManageProducts,"doGet/2[HttpServletRequest,HttpServletResponse]",false,11,4,1,0,1,4,10,34,0,7,2,10,0,0,1,0,1,0,18,8,16,9,3,0,0,0,45,1,0,false
/home/x1/Desktop/ass/ass16/ecommerce-website-main/src/java/ViewAllCustomers.java,ViewAllCustomers,"doGet/2[HttpServletRequest,HttpServletResponse]",false,11,4,1,0,1,4,11,30,0,6,2,11,0,0,1,0,1,0,11,5,12,6,3,0,0,0,38,1,0,false
/home/x1/Desktop/ass/ass16/ecommerce-website-main/src/java/DisplayProducts.java,DisplayProducts,"doGet/2[HttpServletRequest,HttpServletResponse]",false,11,4,1,0,1,7,14,63,0,16,2,14,0,0,1,3,1,0,37,12,29,10,3,0,0,0,65,1,0,false
/home/x1/Desktop/ass/ass16/ecommerce-website-main/src/java/GetProfileDetails.java,GetProfileDetails,"doGet/2[HttpServletRequest,HttpServletResponse]",false,11,3,1,0,1,3,9,15,0,5,2,9,0,0,0,0,1,0,4,4,5,1,2,0,0,0,26,1,0,false
/home/x1/Desktop/ass/ass16/ecommerce-website-main/src/java/ModifyProduct.java,ModifyProduct,"doPost/2[HttpServletRequest,HttpServletResponse]",false,13,5,1,0,1,6,23,54,0,14,2,23,0,0,2,1,1,1,7,27,16,0,4,0,0,0,40,1,0,false
/home/x1/Desktop/ass/ass16/ecommerce-website-main/src/java/Login.java,Login,"doPost/2[HttpServletRequest,HttpServletResponse]",false,10,5,1,0,1,7,19,42,0,9,2,19,0,0,0,1,1,0,16,2,9,0,3,0,0,0,36,1,0,false
/home/x1/Desktop/ass/ass16/ecommerce-website-main/src/java/ForgotPassword.java,ForgotPassword,"doGet/2[HttpServletRequest,HttpServletResponse]",false,13,8,1,0,1,3,21,51,0,17,2,21,0,0,0,1,1,0,27,5,17,2,2,1,0,0,78,1,0,false
/home/x1/Desktop/ass/ass16/ecommerce-website-main/src/java/ModifyProfile.java,ModifyProfile,"doPost/2[HttpServletRequest,HttpServletResponse]",false,10,5,1,0,1,2,15,24,0,8,2,15,0,0,0,0,1,0,9,4,8,0,1,0,0,0,30,1,0,false
/home/x1/Desktop/ass/ass16/ecommerce-website-main/src/java/PlaceOrder.java,PlaceOrder,"doPost/2[HttpServletRequest,HttpServletResponse]",false,15,5,2,0,2,3,20,38,0,11,2,20,1,1,0,1,1,0,17,7,19,1,2,0,0,0,50,1,0,false
/home/x1/Desktop/ass/ass16/ecommerce-website-main/src/java/PlaceOrder.java,PlaceOrder,"create_cart/3[HttpServletRequest,HttpServletResponse,java.io.PrintWriter]",false,76,9,2,1,1,4,28,74,0,18,3,28,0,0,1,1,1,2,62,9,37,23,3,1,0,0,101,1,0,false
/home/x1/Desktop/ass/ass16/ecommerce-website-main/src/java/DisplaySuggestions.java,DisplaySuggestions,"doGet/2[HttpServletRequest,HttpServletResponse]",false,11,4,1,0,1,5,14,36,0,6,2,14,0,0,1,1,1,0,14,5,13,6,3,0,0,0,38,1,0,false
/home/x1/Desktop/ass/ass16/ecommerce-website-main/src/java/GetProductid.java,GetProductid,"doGet/2[HttpServletRequest,HttpServletResponse]",false,11,3,1,0,1,4,18,30,0,8,2,18,0,0,0,1,1,0,8,5,12,5,3,0,0,0,29,1,0,false
/home/x1/Desktop/ass/ass16/ecommerce-website-main/src/java/Cart_Login.java,Cart_Login,"create_cart/3[HttpServletRequest,HttpServletResponse,java.io.PrintWriter]",false,96,4,2,1,1,4,15,39,1,11,3,15,0,0,1,1,1,2,32,4,23,14,3,0,0,0,63,1,0,false
/home/x1/Desktop/ass/ass16/ecommerce-website-main/src/java/Cart_Login.java,Cart_Login,"doGet/2[HttpServletRequest,HttpServletResponse]",false,12,6,2,0,2,7,18,54,0,15,2,18,1,1,0,2,1,0,25,2,19,0,5,0,0,0,46,1,0,false
/home/x1/Desktop/ass/ass16/ecommerce-website-main/src/java/GetProduct.java,GetProduct,"doGet/2[HttpServletRequest,HttpServletResponse]",false,11,3,1,0,1,3,9,15,0,5,2,9,0,0,0,0,1,0,5,5,5,1,2,0,0,0,26,1,0,false
/home/x1/Desktop/ass/ass16/ecommerce-website-main/src/java/ForgotPassword2.java,ForgotPassword2,"doPost/2[HttpServletRequest,HttpServletResponse]",false,11,4,1,0,1,3,13,29,0,8,2,13,0,0,0,0,1,0,15,2,8,0,2,0,0,0,44,1,0,false
/home/x1/Desktop/ass/ass16/ecommerce-website-main/src/java/SelectProduct.java,SelectProduct,"doGet/2[HttpServletRequest,HttpServletResponse]",false,11,4,1,0,1,3,12,35,0,7,2,12,0,0,0,0,1,0,29,1,19,12,2,0,0,0,77,1,0,false
/home/x1/Desktop/ass/ass16/ecommerce-website-main/src/java/ForgotPassword1.java,ForgotPassword1,"doPost/2[HttpServletRequest,HttpServletResponse]",false,11,3,0,0,0,3,9,25,0,6,2,9,0,0,0,0,1,0,13,0,6,0,2,0,0,0,33,1,0,false
