file,class,method,constructor,line,cbo,cboModified,fanin,fanout,wmc,rfc,loc,returnsQty,variablesQty,parametersQty,methodsInvokedQty,methodsInvokedLocalQty,methodsInvokedIndirectLocalQty,loopQty,comparisonsQty,tryCatchQty,parenthesizedExpsQty,stringLiteralsQty,numbersQty,assignmentsQty,mathOperationsQty,maxNestedBlocksQty,anonymousClassesQty,innerClassesQty,lambdasQty,uniqueWordsQty,modifiers,logStatementsQty,hasJavaDoc
/home/x1/Desktop/ass/ass16/design-patterns-master/src/creational/factory/MediaPlayerFactory.java,creational.factory.MediaPlayerFactory,getMediaPlayer/1[java.lang.String],false,6,3,3,1,2,3,1,9,3,0,1,1,0,0,0,0,0,0,2,0,0,0,1,0,0,0,8,1,0,false
/home/x1/Desktop/ass/ass16/design-patterns-master/src/behavioral/template/DesktopAssembleMain.java,behavioral.template.DesktopAssembleMain,main/1[java.lang.String[]],false,5,3,3,0,3,1,2,7,0,2,1,2,0,0,0,0,0,0,0,0,2,0,0,0,0,0,9,9,0,false
/home/x1/Desktop/ass/ass16/design-patterns-master/src/structural/adapter/WebInterfaceImpl.java,structural.adapter.WebInterfaceImpl,get/0,false,7,0,0,0,0,1,1,3,0,0,0,1,0,0,0,0,0,0,1,0,0,0,0,0,0,0,3,1,0,false
/home/x1/Desktop/ass/ass16/design-patterns-master/src/structural/adapter/WebInterfaceImpl.java,structural.adapter.WebInterfaceImpl,select/0,false,12,0,0,0,0,1,1,3,0,0,0,1,0,0,0,0,0,0,1,0,0,0,0,0,0,0,3,1,0,false
/home/x1/Desktop/ass/ass16/design-patterns-master/src/behavioral/visitor/ClockStationaryItem.java,behavioral.visitor.ClockStationaryItem$ClockBuilder,build/0,false,73,1,2,1,1,1,0,3,1,0,0,0,0,0,0,0,0,0,0,0,0,0,0,0,0,0,4,1,0,false
/home/x1/Desktop/ass/ass16/design-patterns-master/src/behavioral/visitor/ClockStationaryItem.java,behavioral.visitor.ClockStationaryItem$ClockBuilder,setPrice/1[int],false,53,1,1,1,0,1,0,4,1,0,1,0,0,0,0,0,0,0,0,0,1,0,0,0,0,0,5,1,0,false
/home/x1/Desktop/ass/ass16/design-patterns-master/src/behavioral/visitor/ClockStationaryItem.java,behavioral.visitor.ClockStationaryItem$ClockBuilder,setWarrantyInMonths/1[int],false,68,1,1,1,0,1,0,4,1,0,1,0,0,0,0,0,0,0,0,0,1,0,0,0,0,0,7,1,0,false
/home/x1/Desktop/ass/ass16/design-patterns-master/src/behavioral/visitor/ClockStationaryItem.java,behavioral.visitor.ClockStationaryItem$ClockBuilder,setDateOfArrival/1[java.util.Date],false,63,1,1,1,0,1,0,4,1,0,1,0,0,0,0,0,0,0,0,0,1,0,0,0,0,0,7,1,0,false
/home/x1/Desktop/ass/ass16/design-patterns-master/src/behavioral/visitor/ClockStationaryItem.java,behavioral.visitor.ClockStationaryItem$ClockBuilder,setTypeOfItem/1[java.lang.String],false,58,1,1,1,0,1,0,4,1,0,1,0,0,0,0,0,0,0,0,0,1,0,0,0,0,0,7,1,0,false
/home/x1/Desktop/ass/ass16/design-patterns-master/src/creational/singleton/Singleton4.java,creational.singleton.Singleton4,getInstance/0,false,10,1,2,1,1,3,0,8,1,0,0,0,0,0,0,2,0,0,0,0,1,0,3,0,0,0,5,9,0,false
/home/x1/Desktop/ass/ass16/design-patterns-master/src/creational/singleton/Singleton4.java,creational.singleton.Singleton4,Singleton4/0,true,7,0,1,1,0,1,0,2,0,0,0,0,0,0,0,0,0,0,0,0,0,0,0,0,0,0,1,2,0,false
/home/x1/Desktop/ass/ass16/design-patterns-master/src/behavioral/stratergy/StrategyMain.java,behavioral.stratergy.StrategyMain,main/1[java.lang.String[]],false,4,9,9,0,9,1,4,16,0,6,1,4,0,0,0,0,0,0,2,0,6,0,0,0,0,0,19,9,0,false
/home/x1/Desktop/ass/ass16/design-patterns-master/src/behavioral/observer/ObservableImpl.java,behavioral.observer.ObservableImpl,updateItem/1[behavioral.observer.Item],false,32,2,1,0,1,1,1,4,0,0,1,1,1,1,0,0,0,0,0,0,1,0,0,0,0,0,5,1,0,false
/home/x1/Desktop/ass/ass16/design-patterns-master/src/behavioral/observer/ObservableImpl.java,behavioral.observer.ObservableImpl,notifyObservers/0,false,23,1,2,1,1,2,1,3,0,0,0,1,0,0,1,0,0,0,0,0,0,0,1,0,0,0,7,1,0,false
/home/x1/Desktop/ass/ass16/design-patterns-master/src/behavioral/observer/ObservableImpl.java,behavioral.observer.ObservableImpl,remove/1[behavioral.observer.ObserverContract],false,17,1,0,0,0,2,2,3,0,0,1,2,0,0,0,1,0,0,0,1,0,0,1,0,0,0,4,1,0,false
/home/x1/Desktop/ass/ass16/design-patterns-master/src/behavioral/observer/ObservableImpl.java,behavioral.observer.ObservableImpl,add/1[behavioral.observer.ObserverContract],false,12,1,0,0,0,1,1,3,0,0,1,1,0,0,0,0,0,0,0,0,0,0,0,0,0,0,4,1,0,false
/home/x1/Desktop/ass/ass16/design-patterns-master/src/behavioral/observer/ObservableImpl.java,behavioral.observer.ObservableImpl,getItem/0,false,28,1,0,0,0,1,0,3,1,0,0,0,0,0,0,0,0,0,0,0,0,0,0,0,0,0,3,1,0,false
/home/x1/Desktop/ass/ass16/design-patterns-master/src/structural/decorator/ComputerImpl.java,structural.decorator.ComputerImpl,"ComputerImpl/2[int,int]",true,8,0,1,1,0,1,0,4,0,0,2,0,0,0,0,0,0,0,0,0,2,0,0,0,0,0,6,1,0,false
/home/x1/Desktop/ass/ass16/design-patterns-master/src/structural/decorator/ComputerImpl.java,structural.decorator.ComputerImpl,getRamSize/0,false,19,0,0,0,0,1,0,3,1,0,0,0,0,0,0,0,0,0,0,0,0,0,0,0,0,0,4,1,0,false
/home/x1/Desktop/ass/ass16/design-patterns-master/src/structural/decorator/ComputerImpl.java,structural.decorator.ComputerImpl,process/0,false,14,0,0,0,0,1,1,3,0,0,0,1,0,0,0,0,0,0,1,0,0,0,0,0,0,0,1,1,0,false
/home/x1/Desktop/ass/ass16/design-patterns-master/src/structural/decorator/ComputerImpl.java,structural.decorator.ComputerImpl,getGraphicMemorySize/0,false,24,0,0,0,0,1,0,3,1,0,0,0,0,0,0,0,0,0,0,0,0,0,0,0,0,0,5,1,0,false
/home/x1/Desktop/ass/ass16/design-patterns-master/src/structural/proxy/DatabaseExecutorProxy.java,structural.proxy.DatabaseExecutorProxy,delete/0,false,20,1,1,0,1,2,2,4,0,0,0,2,0,0,0,0,0,0,1,0,0,0,1,0,0,0,6,1,0,false
/home/x1/Desktop/ass/ass16/design-patterns-master/src/structural/proxy/DatabaseExecutorProxy.java,structural.proxy.DatabaseExecutorProxy,DatabaseExecutorProxy/1[java.lang.String],true,8,1,2,1,1,2,1,4,0,0,1,1,0,0,0,0,0,0,1,0,2,0,1,0,0,0,8,1,0,false
/home/x1/Desktop/ass/ass16/design-patterns-master/src/structural/proxy/DatabaseExecutorProxy.java,structural.proxy.DatabaseExecutorProxy,add/0,false,15,1,1,0,1,1,1,3,0,0,0,1,0,0,0,0,0,0,0,0,0,0,0,0,0,0,1,1,0,false
/home/x1/Desktop/ass/ass16/design-patterns-master/src/creational/singleton/Singleton1.java,creational.singleton.Singleton1,Singleton1/0,true,7,0,1,1,0,1,0,2,0,0,0,0,0,0,0,0,0,0,0,0,0,0,0,0,0,0,1,2,0,false
/home/x1/Desktop/ass/ass16/design-patterns-master/src/creational/singleton/Singleton1.java,creational.singleton.Singleton1,getInstance/0,false,10,1,1,0,1,2,0,4,1,0,0,0,0,0,0,1,0,0,0,0,1,0,1,0,0,0,5,9,0,false
/home/x1/Desktop/ass/ass16/design-patterns-master/src/structural/proxy/DatabaseExecutorContract.java,structural.proxy.DatabaseExecutorContract,add/0,false,5,0,2,2,0,1,0,1,0,0,0,0,0,0,0,0,0,0,0,0,0,0,0,0,0,0,1,0,0,false
/home/x1/Desktop/ass/ass16/design-patterns-master/src/structural/proxy/DatabaseExecutorContract.java,structural.proxy.DatabaseExecutorContract,delete/0,false,7,0,2,2,0,1,0,1,0,0,0,0,0,0,0,0,0,0,0,0,0,0,0,0,0,0,1,0,0,false
/home/x1/Desktop/ass/ass16/design-patterns-master/src/structural/facade/VegSpecial.java,structural.facade.VegSpecial,getCourse/0,false,5,0,0,0,0,1,1,3,0,0,0,1,0,0,0,0,0,0,1,0,0,0,0,0,0,0,4,1,0,false
/home/x1/Desktop/ass/ass16/design-patterns-master/src/behavioral/observer/ObservableContract.java,behavioral.observer.ObservableContract,remove/1[behavioral.observer.ObserverContract],false,7,1,1,1,0,1,0,1,0,0,1,0,0,0,0,0,0,0,0,0,0,0,0,0,0,0,4,0,0,false
/home/x1/Desktop/ass/ass16/design-patterns-master/src/behavioral/observer/ObservableContract.java,behavioral.observer.ObservableContract,notifyObservers/0,false,9,0,0,0,0,1,0,1,0,0,0,0,0,0,0,0,0,0,0,0,0,0,0,0,0,0,2,0,0,false
/home/x1/Desktop/ass/ass16/design-patterns-master/src/behavioral/observer/ObservableContract.java,behavioral.observer.ObservableContract,updateItem/1[behavioral.observer.Item],false,11,1,1,1,0,1,0,1,0,0,1,0,0,0,0,0,0,0,0,0,0,0,0,0,0,0,3,0,0,false
/home/x1/Desktop/ass/ass16/design-patterns-master/src/behavioral/observer/ObservableContract.java,behavioral.observer.ObservableContract,add/1[behavioral.observer.ObserverContract],false,5,1,1,1,0,1,0,1,0,0,1,0,0,0,0,0,0,0,0,0,0,0,0,0,0,0,4,0,0,false
/home/x1/Desktop/ass/ass16/design-patterns-master/src/creational/singleton/Singleton3.java,creational.singleton.Singleton3,getInstance/0,false,10,1,0,0,0,1,0,3,1,0,0,0,0,0,0,0,0,0,0,0,0,0,0,0,0,0,4,9,0,false
/home/x1/Desktop/ass/ass16/design-patterns-master/src/creational/singleton/Singleton3.java,creational.singleton.Singleton3,Singleton3/0,true,7,0,0,0,0,1,0,2,0,0,0,0,0,0,0,0,0,0,0,0,0,0,0,0,0,0,1,2,0,false
/home/x1/Desktop/ass/ass16/design-patterns-master/src/creational/singleton/Singleton2.java,creational.singleton.Singleton2,Singleton2/0,true,7,0,1,1,0,1,0,2,0,0,0,0,0,0,0,0,0,0,0,0,0,0,0,0,0,0,1,2,0,false
/home/x1/Desktop/ass/ass16/design-patterns-master/src/creational/singleton/Singleton2.java,creational.singleton.Singleton2,getInstance/0,false,10,1,1,0,1,2,0,4,1,0,0,0,0,0,0,1,0,0,0,0,1,0,1,0,0,0,5,41,0,false
/home/x1/Desktop/ass/ass16/design-patterns-master/src/structural/facade/HotelInterface.java,structural.facade.HotelInterface,getSpecial/0,false,5,0,0,0,0,1,0,1,0,0,0,0,0,0,0,0,0,0,0,0,0,0,0,0,0,0,2,0,0,false
/home/x1/Desktop/ass/ass16/design-patterns-master/src/structural/adapter/WebInterfaceAdapter.java,structural.adapter.WebInterfaceAdapter,get/0,false,12,1,1,0,1,1,1,3,0,0,0,1,0,0,0,0,0,0,0,0,0,0,0,0,0,0,1,1,0,false
/home/x1/Desktop/ass/ass16/design-patterns-master/src/structural/adapter/WebInterfaceAdapter.java,structural.adapter.WebInterfaceAdapter,select/0,false,17,1,1,0,1,1,1,3,0,0,0,1,0,0,0,0,0,0,0,0,0,0,0,0,0,0,1,1,0,false
/home/x1/Desktop/ass/ass16/design-patterns-master/src/structural/adapter/WebInterfaceAdapter.java,structural.adapter.WebInterfaceAdapter,WebInterfaceAdapter/1[structural.adapter.OldWebInterface],true,7,1,1,1,0,1,0,3,0,0,1,0,0,0,0,0,0,0,0,0,1,0,0,0,0,0,5,0,0,false
/home/x1/Desktop/ass/ass16/design-patterns-master/src/behavioral/stratergy/CanFlyBehaviour.java,behavioral.stratergy.CanFlyBehaviour,fly/0,false,5,0,0,0,0,1,1,3,0,0,0,1,0,0,0,0,0,0,1,0,0,0,0,0,0,0,1,1,0,false
/home/x1/Desktop/ass/ass16/design-patterns-master/src/creational/builder/BuilderPatternExample.java,creational.builder.BuilderPatternExample,main/1[java.lang.String[]],false,5,2,6,0,6,1,7,10,0,2,1,7,0,0,0,0,0,0,2,3,2,0,0,0,0,0,5,9,0,false
/home/x1/Desktop/ass/ass16/design-patterns-master/src/behavioral/stratergy/CityDuck.java,behavioral.stratergy.CityDuck,"CityDuck/2[behavioral.stratergy.QuackBehavior,behavioral.stratergy.FlyBehaviour]",true,5,2,1,1,0,1,0,3,0,0,2,0,0,0,0,0,0,0,0,0,0,0,0,0,0,0,6,1,0,false
/home/x1/Desktop/ass/ass16/design-patterns-master/src/behavioral/stratergy/CityDuck.java,behavioral.stratergy.CityDuck,type/0,false,10,0,0,0,0,1,1,3,0,0,0,1,0,0,0,0,0,0,1,0,0,0,0,0,0,0,2,0,0,false
/home/x1/Desktop/ass/ass16/design-patterns-master/src/structural/facade/Customer.java,structural.facade.Customer,main/1[java.lang.String[]],false,4,1,2,0,2,1,1,4,0,1,1,1,0,0,0,0,0,0,1,0,1,0,0,0,0,0,4,9,0,false
/home/x1/Desktop/ass/ass16/design-patterns-master/src/creational/builder/Vehicle.java,creational.builder.Vehicle,getAirbags/0,false,19,0,1,1,0,1,0,3,1,0,0,0,0,0,0,0,0,0,0,0,0,0,0,0,0,0,2,1,0,false
/home/x1/Desktop/ass/ass16/design-patterns-master/src/creational/builder/Vehicle.java,creational.builder.Vehicle,getWheel/0,false,15,0,1,1,0,1,0,3,1,0,0,0,0,0,0,0,0,0,0,0,0,0,0,0,0,0,2,1,0,false
/home/x1/Desktop/ass/ass16/design-patterns-master/src/creational/builder/Vehicle.java,creational.builder.Vehicle,getEngine/0,false,11,0,1,1,0,1,0,3,1,0,0,0,0,0,0,0,0,0,0,0,0,0,0,0,0,0,2,1,0,false
/home/x1/Desktop/ass/ass16/design-patterns-master/src/creational/builder/Vehicle.java,creational.builder.Vehicle,Vehicle/1[creational.builder.Vehicle.VehicleBuilder],true,25,1,1,1,0,1,0,5,0,0,1,0,0,0,0,0,0,0,0,0,3,0,0,0,0,0,3,2,0,false
/home/x1/Desktop/ass/ass16/design-patterns-master/src/structural/decorator/ServerComputerDecorator.java,structural.decorator.ServerComputerDecorator,ServerComputerDecorator/1[structural.decorator.ComputerInterface],true,7,1,1,1,0,1,0,3,0,0,1,0,0,0,0,0,0,0,0,0,1,0,0,0,0,0,5,0,0,false
/home/x1/Desktop/ass/ass16/design-patterns-master/src/structural/decorator/ServerComputerDecorator.java,structural.decorator.ServerComputerDecorator,getRamSize/0,false,17,1,2,1,1,1,1,3,1,0,0,1,0,0,0,0,0,0,0,1,0,1,0,0,0,0,3,1,0,false
/home/x1/Desktop/ass/ass16/design-patterns-master/src/structural/decorator/ServerComputerDecorator.java,structural.decorator.ServerComputerDecorator,process/0,false,12,1,1,0,1,1,1,3,0,0,0,1,0,0,0,0,0,0,0,0,0,0,0,0,0,0,1,1,0,false
/home/x1/Desktop/ass/ass16/design-patterns-master/src/structural/decorator/ServerComputerDecorator.java,structural.decorator.ServerComputerDecorator,getGraphicMemorySize/0,false,22,1,2,1,1,1,1,3,1,0,0,1,0,0,0,0,0,0,0,0,0,0,0,0,0,0,4,1,0,false
/home/x1/Desktop/ass/ass16/design-patterns-master/src/structural/facade/Special.java,structural.facade.Special,getCourse/0,false,5,0,1,1,0,1,0,1,0,0,0,0,0,0,0,0,0,0,0,0,0,0,0,0,0,0,2,0,0,false
/home/x1/Desktop/ass/ass16/design-patterns-master/src/creational/factory/MediaPlayer.java,creational.factory.MediaPlayer,playSong/0,false,5,0,1,1,0,1,0,1,0,0,0,0,0,0,0,0,0,0,0,0,0,0,0,0,0,0,2,1,0,false
/home/x1/Desktop/ass/ass16/design-patterns-master/src/structural/proxy/DatabaseExecutorImpl.java,structural.proxy.DatabaseExecutorImpl,add/0,false,5,0,0,0,0,1,1,3,0,0,0,1,0,0,0,0,0,0,1,0,0,0,0,0,0,0,1,1,0,false
/home/x1/Desktop/ass/ass16/design-patterns-master/src/structural/proxy/DatabaseExecutorImpl.java,structural.proxy.DatabaseExecutorImpl,delete/0,false,10,0,0,0,0,1,1,3,0,0,0,1,0,0,0,0,0,0,1,0,0,0,0,0,0,0,1,1,0,false
/home/x1/Desktop/ass/ass16/design-patterns-master/src/creational/prototype/PrototypeMain.java,creational.prototype.PrototypeMain,main/1[java.lang.String[]],false,4,2,5,0,5,1,5,9,0,2,1,5,0,0,0,0,0,0,5,2,2,4,0,0,0,0,10,9,0,false
/home/x1/Desktop/ass/ass16/design-patterns-master/src/creational/factory/WindowsMediaPlayer.java,creational.factory.WindowsMediaPlayer,playSong/0,false,5,0,0,0,0,1,1,3,0,0,0,1,0,0,0,0,0,0,1,0,0,0,0,0,0,0,7,1,0,false
/home/x1/Desktop/ass/ass16/design-patterns-master/src/structural/adapter/WebInterfaceMain.java,structural.adapter.WebInterfaceMain,main/1[java.lang.String[]],false,4,4,5,0,5,1,2,8,0,2,1,2,0,0,0,0,0,0,0,0,2,0,0,0,0,0,8,9,0,false
/home/x1/Desktop/ass/ass16/design-patterns-master/src/behavioral/template/GamingDesktopAssemble.java,behavioral.template.GamingDesktopAssemble,addMonitor/0,false,10,0,0,0,0,1,1,3,0,0,0,1,0,0,0,0,0,0,1,0,0,0,0,0,0,0,5,0,0,false
/home/x1/Desktop/ass/ass16/design-patterns-master/src/behavioral/template/GamingDesktopAssemble.java,behavioral.template.GamingDesktopAssemble,addCPU/0,false,25,0,0,0,0,1,1,3,0,0,0,1,0,0,0,0,0,0,1,0,0,0,0,0,0,0,6,0,0,false
/home/x1/Desktop/ass/ass16/design-patterns-master/src/behavioral/template/GamingDesktopAssemble.java,behavioral.template.GamingDesktopAssemble,addKeyboard/0,false,15,0,0,0,0,1,1,3,0,0,0,1,0,0,0,0,0,0,1,0,0,0,0,0,0,0,3,0,0,false
/home/x1/Desktop/ass/ass16/design-patterns-master/src/behavioral/template/GamingDesktopAssemble.java,behavioral.template.GamingDesktopAssemble,GamingDesktopAssemble/0,true,5,0,1,1,0,1,1,3,0,0,0,1,0,0,0,0,0,0,1,0,0,0,0,0,0,0,3,1,0,false
/home/x1/Desktop/ass/ass16/design-patterns-master/src/behavioral/template/GamingDesktopAssemble.java,behavioral.template.GamingDesktopAssemble,addMouse/0,false,20,0,0,0,0,1,1,3,0,0,0,1,0,0,0,0,0,0,1,0,0,0,0,0,0,0,3,0,0,false
/home/x1/Desktop/ass/ass16/design-patterns-master/src/behavioral/stratergy/LoudQuackBehaviour.java,behavioral.stratergy.LoudQuackBehaviour,quack/0,false,5,0,0,0,0,1,1,3,0,0,0,1,0,0,0,0,0,0,1,0,0,0,0,0,0,0,1,1,0,false
/home/x1/Desktop/ass/ass16/design-patterns-master/src/structural/facade/NonVegSpecial.java,structural.facade.NonVegSpecial,getCourse/0,false,5,0,0,0,0,1,1,3,0,0,0,1,0,0,0,0,0,0,1,0,0,0,0,0,0,0,5,1,0,false
/home/x1/Desktop/ass/ass16/design-patterns-master/src/behavioral/stratergy/QuackBehavior.java,behavioral.stratergy.QuackBehavior,quack/0,false,5,0,1,1,0,1,0,1,0,0,0,0,0,0,0,0,0,0,0,0,0,0,0,0,0,0,1,0,0,false
/home/x1/Desktop/ass/ass16/design-patterns-master/src/structural/adapter/OldWebInterface.java,structural.adapter.OldWebInterface,find/0,false,5,0,1,1,0,1,0,1,0,0,0,0,0,0,0,0,0,0,0,0,0,0,0,0,0,0,1,0,0,false
/home/x1/Desktop/ass/ass16/design-patterns-master/src/structural/adapter/OldWebInterface.java,structural.adapter.OldWebInterface,click/0,false,7,0,1,1,0,1,0,1,0,0,0,0,0,0,0,0,0,0,0,0,0,0,0,0,0,0,1,0,0,false
/home/x1/Desktop/ass/ass16/design-patterns-master/src/behavioral/observer/Item.java,behavioral.observer.Item,setPrice/1[int],false,21,0,1,1,0,1,0,3,0,0,1,0,0,0,0,0,0,0,0,0,1,0,0,0,0,0,3,1,0,false
/home/x1/Desktop/ass/ass16/design-patterns-master/src/behavioral/observer/Item.java,behavioral.observer.Item,getPrice/0,false,13,0,2,2,0,1,0,3,1,0,0,0,0,0,0,0,0,0,0,0,0,0,0,0,0,0,3,1,0,false
/home/x1/Desktop/ass/ass16/design-patterns-master/src/behavioral/observer/Item.java,behavioral.observer.Item,setName/1[java.lang.String],false,25,0,1,1,0,1,0,3,0,0,1,0,0,0,0,0,0,0,0,0,1,0,0,0,0,0,3,1,0,false
/home/x1/Desktop/ass/ass16/design-patterns-master/src/behavioral/observer/Item.java,behavioral.observer.Item,"Item/2[int,java.lang.String]",true,8,0,1,1,0,1,0,4,0,0,2,0,0,0,0,0,0,0,0,0,2,0,0,0,0,0,3,1,0,false
/home/x1/Desktop/ass/ass16/design-patterns-master/src/behavioral/observer/Item.java,behavioral.observer.Item,getName/0,false,17,0,2,2,0,1,0,3,1,0,0,0,0,0,0,0,0,0,0,0,0,0,0,0,0,0,3,1,0,false
/home/x1/Desktop/ass/ass16/design-patterns-master/src/behavioral/stratergy/MountainDuck.java,behavioral.stratergy.MountainDuck,type/0,false,10,0,0,0,0,1,1,3,0,0,0,1,0,0,0,0,0,0,1,0,0,0,0,0,0,0,2,0,0,false
/home/x1/Desktop/ass/ass16/design-patterns-master/src/behavioral/stratergy/MountainDuck.java,behavioral.stratergy.MountainDuck,"MountainDuck/2[behavioral.stratergy.QuackBehavior,behavioral.stratergy.FlyBehaviour]",true,5,2,1,1,0,1,0,3,0,0,2,0,0,0,0,0,0,0,0,0,0,0,0,0,0,0,6,1,0,false
/home/x1/Desktop/ass/ass16/design-patterns-master/src/behavioral/stratergy/CannotFlyBehaviour.java,behavioral.stratergy.CannotFlyBehaviour,fly/0,false,5,0,0,0,0,1,1,3,0,0,0,1,0,0,0,0,0,0,1,0,0,0,0,0,0,0,1,1,0,false
/home/x1/Desktop/ass/ass16/design-patterns-master/src/structural/adapter/OldWebInterfaceImpl.java,structural.adapter.OldWebInterfaceImpl,click/0,false,11,0,0,0,0,1,1,3,0,0,0,1,0,0,0,0,0,0,1,0,0,0,0,0,0,0,4,1,0,false
/home/x1/Desktop/ass/ass16/design-patterns-master/src/structural/adapter/OldWebInterfaceImpl.java,structural.adapter.OldWebInterfaceImpl,find/0,false,6,0,0,0,0,1,1,3,0,0,0,1,0,0,0,0,0,0,1,0,0,0,0,0,0,0,4,1,0,false
/home/x1/Desktop/ass/ass16/design-patterns-master/src/behavioral/visitor/ClockStationaryItem.java,behavioral.visitor.ClockStationaryItem,ClockStationaryItem/1[behavioral.visitor.ClockStationaryItem.ClockBuilder],true,14,1,1,1,0,1,0,6,0,0,1,0,0,0,0,0,0,0,0,0,4,0,0,0,0,0,5,0,0,false
/home/x1/Desktop/ass/ass16/design-patterns-master/src/behavioral/visitor/ClockStationaryItem.java,behavioral.visitor.ClockStationaryItem,accept/1[behavioral.visitor.ShoppingCartVisitor],false,22,1,1,0,1,1,1,3,1,0,1,1,0,0,0,0,0,0,0,0,0,0,0,0,0,0,5,1,0,false
/home/x1/Desktop/ass/ass16/design-patterns-master/src/behavioral/visitor/ClockStationaryItem.java,behavioral.visitor.ClockStationaryItem,getWarrantyInMonths/0,false,42,0,1,1,0,1,0,3,1,0,0,0,0,0,0,0,0,0,0,0,0,0,0,0,0,0,5,1,0,false
/home/x1/Desktop/ass/ass16/design-patterns-master/src/behavioral/visitor/ClockStationaryItem.java,behavioral.visitor.ClockStationaryItem,getDateOfArrival/0,false,37,0,0,0,0,1,0,3,1,0,0,0,0,0,0,0,0,0,0,0,0,0,0,0,0,0,5,1,0,false
/home/x1/Desktop/ass/ass16/design-patterns-master/src/behavioral/visitor/ClockStationaryItem.java,behavioral.visitor.ClockStationaryItem,getTypeOfItem/0,false,32,0,0,0,0,1,0,3,1,0,0,0,0,0,0,0,0,0,0,0,0,0,0,0,0,0,5,1,0,false
/home/x1/Desktop/ass/ass16/design-patterns-master/src/behavioral/visitor/ClockStationaryItem.java,behavioral.visitor.ClockStationaryItem,getPrice/0,false,27,0,1,1,0,1,0,3,1,0,0,0,0,0,0,0,0,0,0,0,0,0,0,0,0,0,3,1,0,false
/home/x1/Desktop/ass/ass16/design-patterns-master/src/structural/proxy/DatabaseExecutorMain.java,structural.proxy.DatabaseExecutorMain,main/1[java.lang.String[]],false,4,2,3,0,3,1,2,8,0,1,1,2,0,0,0,0,0,0,2,0,2,0,0,0,0,0,7,9,0,false
/home/x1/Desktop/ass/ass16/design-patterns-master/src/structural/adapter/WebInterface.java,structural.adapter.WebInterface,get/0,false,5,0,1,1,0,1,0,1,0,0,0,0,0,0,0,0,0,0,0,0,0,0,0,0,0,0,1,0,0,false
/home/x1/Desktop/ass/ass16/design-patterns-master/src/structural/adapter/WebInterface.java,structural.adapter.WebInterface,select/0,false,7,0,1,1,0,1,0,1,0,0,0,0,0,0,0,0,0,0,0,0,0,0,0,0,0,0,1,0,0,false
/home/x1/Desktop/ass/ass16/design-patterns-master/src/behavioral/template/NonGamingDesktopAssemble.java,behavioral.template.NonGamingDesktopAssemble,addMonitor/0,false,10,0,0,0,0,1,1,3,0,0,0,1,0,0,0,0,0,0,1,0,0,0,0,0,0,0,5,0,0,false
/home/x1/Desktop/ass/ass16/design-patterns-master/src/behavioral/template/NonGamingDesktopAssemble.java,behavioral.template.NonGamingDesktopAssemble,addCPU/0,false,25,0,0,0,0,1,1,3,0,0,0,1,0,0,0,0,0,0,1,0,0,0,0,0,0,0,6,0,0,false
/home/x1/Desktop/ass/ass16/design-patterns-master/src/behavioral/template/NonGamingDesktopAssemble.java,behavioral.template.NonGamingDesktopAssemble,addKeyboard/0,false,15,0,0,0,0,1,1,3,0,0,0,1,0,0,0,0,0,0,1,0,0,0,0,0,0,0,3,0,0,false
/home/x1/Desktop/ass/ass16/design-patterns-master/src/behavioral/template/NonGamingDesktopAssemble.java,behavioral.template.NonGamingDesktopAssemble,addMouse/0,false,20,0,0,0,0,1,1,3,0,0,0,1,0,0,0,0,0,0,1,0,0,0,0,0,0,0,3,0,0,false
/home/x1/Desktop/ass/ass16/design-patterns-master/src/behavioral/template/NonGamingDesktopAssemble.java,behavioral.template.NonGamingDesktopAssemble,NonGamingDesktopAssemble/0,true,5,0,1,1,0,1,1,3,0,0,0,1,0,0,0,0,0,0,1,0,0,0,0,0,0,0,4,1,0,false
/home/x1/Desktop/ass/ass16/design-patterns-master/src/behavioral/observer/ObserverContract.java,behavioral.observer.ObserverContract,update/1[behavioral.observer.Item],false,4,1,1,1,0,1,0,1,0,0,1,0,0,0,0,0,0,0,0,0,0,0,0,0,0,0,3,0,0,false
/home/x1/Desktop/ass/ass16/design-patterns-master/src/behavioral/observer/ObserverContract.java,behavioral.observer.ObserverContract,getItem/0,false,6,0,0,0,0,1,0,1,0,0,0,0,0,0,0,0,0,0,0,0,0,0,0,0,0,0,2,0,0,false
/home/x1/Desktop/ass/ass16/design-patterns-master/src/creational/singleton/SingletonMain.java,creational.singleton.SingletonMain,main/1[java.lang.String[]],false,4,1,1,0,1,1,2,6,0,2,1,2,0,0,0,0,0,0,0,0,2,0,0,0,0,0,6,9,0,false
/home/x1/Desktop/ass/ass16/design-patterns-master/src/behavioral/stratergy/QuietQuackBehaviour.java,behavioral.stratergy.QuietQuackBehaviour,quack/0,false,5,0,0,0,0,1,1,3,0,0,0,1,0,0,0,0,0,0,1,0,0,0,0,0,0,0,1,1,0,false
/home/x1/Desktop/ass/ass16/design-patterns-master/src/creational/prototype/HomeWork.java,creational.prototype.HomeWork,getHomeWork/0,false,7,0,2,2,0,1,0,1,0,0,0,0,0,0,0,0,0,0,0,0,0,0,0,0,0,0,3,0,0,false
/home/x1/Desktop/ass/ass16/design-patterns-master/src/creational/prototype/HomeWork.java,creational.prototype.HomeWork,getId/0,false,5,0,2,2,0,1,0,1,0,0,0,0,0,0,0,0,0,0,0,0,0,0,0,0,0,0,2,0,0,false
/home/x1/Desktop/ass/ass16/design-patterns-master/src/creational/prototype/HomeWork.java,creational.prototype.HomeWork,copyHomeWork/1[creational.prototype.HomeWork],false,11,1,1,1,0,1,0,1,0,0,1,0,0,0,0,0,0,0,0,0,0,0,0,0,0,0,4,0,0,false
/home/x1/Desktop/ass/ass16/design-patterns-master/src/creational/prototype/HomeWork.java,creational.prototype.HomeWork,setId/1[int],false,13,0,1,1,0,1,0,1,0,0,1,0,0,0,0,0,0,0,0,0,0,0,0,0,0,0,3,0,0,false
/home/x1/Desktop/ass/ass16/design-patterns-master/src/creational/prototype/HomeWork.java,creational.prototype.HomeWork,"doHomeWork/2[int,java.lang.String]",false,9,0,0,0,0,1,0,1,0,0,2,0,0,0,0,0,0,0,0,0,0,0,0,0,0,0,4,0,0,false
/home/x1/Desktop/ass/ass16/design-patterns-master/src/creational/builder/Vehicle.java,creational.builder.Vehicle$VehicleBuilder,"VehicleBuilder/2[java.lang.String,int]",true,37,0,1,1,0,1,0,4,0,0,2,0,0,0,0,0,0,0,0,0,2,0,0,0,0,0,4,1,0,false
/home/x1/Desktop/ass/ass16/design-patterns-master/src/creational/builder/Vehicle.java,creational.builder.Vehicle$VehicleBuilder,build/0,false,47,1,2,1,1,1,0,3,1,0,0,0,0,0,0,0,0,0,0,0,0,0,0,0,0,0,2,1,0,false
/home/x1/Desktop/ass/ass16/design-patterns-master/src/creational/builder/Vehicle.java,creational.builder.Vehicle$VehicleBuilder,setAirbags/1[int],false,42,1,1,1,0,1,0,4,1,0,1,0,0,0,0,0,0,0,0,0,1,0,0,0,0,0,5,1,0,false
/home/x1/Desktop/ass/ass16/design-patterns-master/src/creational/factory/VlcMediaPlayer.java,creational.factory.VlcMediaPlayer,playSong/0,false,5,0,0,0,0,1,1,3,0,0,0,1,0,0,0,0,0,0,1,0,0,0,0,0,0,0,9,1,0,false
/home/x1/Desktop/ass/ass16/design-patterns-master/src/creational/prototype/HomeWorkImpl.java,creational.prototype.HomeWorkImpl,copyHomeWork/1[creational.prototype.HomeWork],false,31,2,3,0,3,1,2,3,1,0,1,2,0,0,0,0,0,0,0,0,0,0,0,0,0,0,5,1,0,false
/home/x1/Desktop/ass/ass16/design-patterns-master/src/creational/prototype/HomeWorkImpl.java,creational.prototype.HomeWorkImpl,"HomeWorkImpl/2[int,java.lang.String]",true,18,0,2,2,0,1,0,4,0,0,2,0,0,0,0,0,0,0,0,0,2,0,0,0,0,0,5,1,0,false
/home/x1/Desktop/ass/ass16/design-patterns-master/src/creational/prototype/HomeWorkImpl.java,creational.prototype.HomeWorkImpl,setId/1[int],false,36,0,0,0,0,1,0,3,0,0,1,0,0,0,0,0,0,0,0,0,1,0,0,0,0,0,3,1,0,false
/home/x1/Desktop/ass/ass16/design-patterns-master/src/creational/prototype/HomeWorkImpl.java,creational.prototype.HomeWorkImpl,getHomeWork/0,false,14,0,0,0,0,1,0,3,1,0,0,0,0,0,0,0,0,0,0,0,0,0,0,0,0,0,4,1,0,false
/home/x1/Desktop/ass/ass16/design-patterns-master/src/creational/prototype/HomeWorkImpl.java,creational.prototype.HomeWorkImpl,getId/0,false,9,0,0,0,0,1,0,3,1,0,0,0,0,0,0,0,0,0,0,0,0,0,0,0,0,0,3,1,0,false
/home/x1/Desktop/ass/ass16/design-patterns-master/src/creational/prototype/HomeWorkImpl.java,creational.prototype.HomeWorkImpl,"doHomeWork/2[int,java.lang.String]",false,24,0,0,0,0,1,1,5,0,0,2,1,0,0,0,0,0,0,1,0,2,0,0,0,0,0,5,1,0,false
/home/x1/Desktop/ass/ass16/design-patterns-master/src/behavioral/visitor/ExtendedWarrantyVisitor.java,behavioral.visitor.ExtendedWarrantyVisitor,visit/1[behavioral.visitor.BookStationaryItem],false,5,1,1,0,1,1,2,4,1,0,1,2,0,0,0,0,0,1,2,2,0,3,0,0,0,0,9,1,0,false
/home/x1/Desktop/ass/ass16/design-patterns-master/src/behavioral/visitor/ExtendedWarrantyVisitor.java,behavioral.visitor.ExtendedWarrantyVisitor,visit/1[behavioral.visitor.ClockStationaryItem],false,11,1,1,0,1,1,2,4,1,0,1,2,0,0,0,0,0,1,2,2,0,3,0,0,0,0,9,1,0,false
/home/x1/Desktop/ass/ass16/design-patterns-master/src/behavioral/visitor/DiscountPriceVisitor.java,behavioral.visitor.DiscountPriceVisitor,visit/1[behavioral.visitor.BookStationaryItem],false,5,1,1,0,1,1,2,4,1,0,1,2,0,0,0,0,0,2,2,2,0,3,0,0,0,0,9,1,0,false
/home/x1/Desktop/ass/ass16/design-patterns-master/src/behavioral/visitor/DiscountPriceVisitor.java,behavioral.visitor.DiscountPriceVisitor,visit/1[behavioral.visitor.ClockStationaryItem],false,11,1,1,0,1,1,2,4,1,0,1,2,0,0,0,0,0,2,2,2,0,3,0,0,0,0,9,1,0,false
/home/x1/Desktop/ass/ass16/design-patterns-master/src/behavioral/visitor/BookStationaryItem.java,behavioral.visitor.BookStationaryItem,getPrice/0,false,25,0,1,1,0,1,0,3,1,0,0,0,0,0,0,0,0,0,0,0,0,0,0,0,0,0,3,1,0,false
/home/x1/Desktop/ass/ass16/design-patterns-master/src/behavioral/visitor/BookStationaryItem.java,behavioral.visitor.BookStationaryItem,getDateOfArrival/0,false,35,0,0,0,0,1,0,3,1,0,0,0,0,0,0,0,0,0,0,0,0,0,0,0,0,0,5,1,0,false
/home/x1/Desktop/ass/ass16/design-patterns-master/src/behavioral/visitor/BookStationaryItem.java,behavioral.visitor.BookStationaryItem,BookStationaryItem/1[behavioral.visitor.BookStationaryItem.BookBuilder],true,12,1,1,1,0,1,0,6,0,0,1,0,0,0,0,0,0,0,0,0,4,0,0,0,0,0,5,0,0,false
/home/x1/Desktop/ass/ass16/design-patterns-master/src/behavioral/visitor/BookStationaryItem.java,behavioral.visitor.BookStationaryItem,getTypeOfItem/0,false,30,0,0,0,0,1,0,3,1,0,0,0,0,0,0,0,0,0,0,0,0,0,0,0,0,0,5,1,0,false
/home/x1/Desktop/ass/ass16/design-patterns-master/src/behavioral/visitor/BookStationaryItem.java,behavioral.visitor.BookStationaryItem,getWarrantyInMonths/0,false,40,0,1,1,0,1,0,3,1,0,0,0,0,0,0,0,0,0,0,0,0,0,0,0,0,0,5,1,0,false
/home/x1/Desktop/ass/ass16/design-patterns-master/src/behavioral/visitor/BookStationaryItem.java,behavioral.visitor.BookStationaryItem,accept/1[behavioral.visitor.ShoppingCartVisitor],false,20,1,1,0,1,1,1,3,1,0,1,1,0,0,0,0,0,0,0,0,0,0,0,0,0,0,5,1,0,false
/home/x1/Desktop/ass/ass16/design-patterns-master/src/creational/factory/FactoryDesignPatternDemo.java,creational.factory.FactoryDesignPatternDemo,main/1[java.lang.String[]],false,5,2,3,0,3,1,2,7,0,3,1,2,0,0,0,0,0,0,2,0,3,0,0,0,0,0,8,9,0,false
/home/x1/Desktop/ass/ass16/design-patterns-master/src/behavioral/visitor/ShoppingCartVisitor.java,behavioral.visitor.ShoppingCartVisitor,visit/1[behavioral.visitor.ClockStationaryItem],false,7,1,1,1,0,1,0,1,0,0,1,0,0,0,0,0,0,0,0,0,0,0,0,0,0,0,5,0,0,false
/home/x1/Desktop/ass/ass16/design-patterns-master/src/behavioral/visitor/ShoppingCartVisitor.java,behavioral.visitor.ShoppingCartVisitor,visit/1[behavioral.visitor.BookStationaryItem],false,5,1,1,1,0,1,0,1,0,0,1,0,0,0,0,0,0,0,0,0,0,0,0,0,0,0,5,0,0,false
/home/x1/Desktop/ass/ass16/design-patterns-master/src/behavioral/visitor/VisitorMain.java,behavioral.visitor.VisitorMain,main/1[java.lang.String[]],false,8,6,13,0,13,1,12,8,0,3,1,12,1,1,0,0,0,0,2,10,3,0,0,0,0,0,12,9,0,false
/home/x1/Desktop/ass/ass16/design-patterns-master/src/behavioral/visitor/VisitorMain.java,behavioral.visitor.VisitorMain,checkout/1[java.util.List<behavioral.visitor.StationaryItem>],false,19,4,4,1,3,2,1,9,0,3,1,1,0,0,1,0,0,0,0,1,4,0,1,0,0,0,15,8,0,false
/home/x1/Desktop/ass/ass16/design-patterns-master/src/behavioral/visitor/StationaryItem.java,behavioral.visitor.StationaryItem,getWarrantyInMonths/0,false,15,0,0,0,0,1,0,1,0,0,0,0,0,0,0,0,0,0,0,0,0,0,0,0,0,0,4,0,0,false
/home/x1/Desktop/ass/ass16/design-patterns-master/src/behavioral/visitor/StationaryItem.java,behavioral.visitor.StationaryItem,accept/1[behavioral.visitor.ShoppingCartVisitor],false,7,1,1,1,0,1,0,1,0,0,1,0,0,0,0,0,0,0,0,0,0,0,0,0,0,0,5,0,0,false
/home/x1/Desktop/ass/ass16/design-patterns-master/src/behavioral/visitor/StationaryItem.java,behavioral.visitor.StationaryItem,getPrice/0,false,9,0,0,0,0,1,0,1,0,0,0,0,0,0,0,0,0,0,0,0,0,0,0,0,0,0,2,0,0,false
/home/x1/Desktop/ass/ass16/design-patterns-master/src/behavioral/visitor/StationaryItem.java,behavioral.visitor.StationaryItem,getTypeOfItem/0,false,11,0,0,0,0,1,0,1,0,0,0,0,0,0,0,0,0,0,0,0,0,0,0,0,0,0,4,0,0,false
/home/x1/Desktop/ass/ass16/design-patterns-master/src/behavioral/visitor/StationaryItem.java,behavioral.visitor.StationaryItem,getDateOfArrival/0,false,13,0,0,0,0,1,0,1,0,0,0,0,0,0,0,0,0,0,0,0,0,0,0,0,0,0,4,0,0,false
/home/x1/Desktop/ass/ass16/design-patterns-master/src/behavioral/stratergy/FlyBehaviour.java,behavioral.stratergy.FlyBehaviour,fly/0,false,5,0,1,1,0,1,0,1,0,0,0,0,0,0,0,0,0,0,0,0,0,0,0,0,0,0,1,0,0,false
/home/x1/Desktop/ass/ass16/design-patterns-master/src/behavioral/observer/ObserverMain.java,behavioral.observer.ObserverMain,main/1[java.lang.String[]],false,5,6,9,0,9,1,5,16,0,4,1,5,0,0,0,0,0,0,3,3,4,0,0,0,0,0,14,9,0,false
/home/x1/Desktop/ass/ass16/design-patterns-master/src/behavioral/visitor/BookStationaryItem.java,behavioral.visitor.BookStationaryItem$BookBuilder,setWarrantyInMonths/1[int],false,65,1,1,1,0,1,0,4,1,0,1,0,0,0,0,0,0,0,0,0,1,0,0,0,0,0,7,1,0,false
/home/x1/Desktop/ass/ass16/design-patterns-master/src/behavioral/visitor/BookStationaryItem.java,behavioral.visitor.BookStationaryItem$BookBuilder,setDateOfArrival/1[java.util.Date],false,60,1,1,1,0,1,0,4,1,0,1,0,0,0,0,0,0,0,0,0,1,0,0,0,0,0,7,1,0,false
/home/x1/Desktop/ass/ass16/design-patterns-master/src/behavioral/visitor/BookStationaryItem.java,behavioral.visitor.BookStationaryItem$BookBuilder,build/0,false,70,1,2,1,1,1,0,3,1,0,0,0,0,0,0,0,0,0,0,0,0,0,0,0,0,0,4,1,0,false
/home/x1/Desktop/ass/ass16/design-patterns-master/src/behavioral/visitor/BookStationaryItem.java,behavioral.visitor.BookStationaryItem$BookBuilder,setPrice/1[int],false,50,1,1,1,0,1,0,4,1,0,1,0,0,0,0,0,0,0,0,0,1,0,0,0,0,0,5,1,0,false
/home/x1/Desktop/ass/ass16/design-patterns-master/src/behavioral/visitor/BookStationaryItem.java,behavioral.visitor.BookStationaryItem$BookBuilder,setTypeOfItem/1[java.lang.String],false,55,1,1,1,0,1,0,4,1,0,1,0,0,0,0,0,0,0,0,0,1,0,0,0,0,0,7,1,0,false
/home/x1/Desktop/ass/ass16/design-patterns-master/src/structural/decorator/DecoratorMain.java,structural.decorator.DecoratorMain,main/1[java.lang.String[]],false,4,4,9,0,9,1,7,8,0,3,1,7,0,0,0,0,0,0,6,2,3,3,0,0,0,0,17,9,0,false
/home/x1/Desktop/ass/ass16/design-patterns-master/src/behavioral/template/DesktopAssembleTemplate.java,behavioral.template.DesktopAssembleTemplate,addCPU/0,false,11,0,1,1,0,1,0,1,0,0,0,0,0,0,0,0,0,0,0,0,0,0,0,0,0,0,4,1024,0,false
/home/x1/Desktop/ass/ass16/design-patterns-master/src/behavioral/template/DesktopAssembleTemplate.java,behavioral.template.DesktopAssembleTemplate,test/0,false,21,0,1,1,0,1,1,3,0,0,0,1,0,0,0,0,0,0,1,0,0,0,0,0,0,0,1,16,0,false
/home/x1/Desktop/ass/ass16/design-patterns-master/src/behavioral/template/DesktopAssembleTemplate.java,behavioral.template.DesktopAssembleTemplate,assemble/0,false,13,1,6,1,5,1,5,7,0,0,0,5,5,1,0,0,0,0,0,0,0,0,0,0,0,0,9,0,0,false
/home/x1/Desktop/ass/ass16/design-patterns-master/src/behavioral/template/DesktopAssembleTemplate.java,behavioral.template.DesktopAssembleTemplate,addMonitor/0,false,5,0,1,1,0,1,0,1,0,0,0,0,0,0,0,0,0,0,0,0,0,0,0,0,0,0,2,1024,0,false
/home/x1/Desktop/ass/ass16/design-patterns-master/src/behavioral/template/DesktopAssembleTemplate.java,behavioral.template.DesktopAssembleTemplate,addMouse/0,false,9,0,1,1,0,1,0,1,0,0,0,0,0,0,0,0,0,0,0,0,0,0,0,0,0,0,2,1024,0,false
/home/x1/Desktop/ass/ass16/design-patterns-master/src/behavioral/template/DesktopAssembleTemplate.java,behavioral.template.DesktopAssembleTemplate,addKeyboard/0,false,7,0,1,1,0,1,0,1,0,0,0,0,0,0,0,0,0,0,0,0,0,0,0,0,0,0,2,1024,0,false
/home/x1/Desktop/ass/ass16/design-patterns-master/src/behavioral/observer/ObserverImpl1.java,behavioral.observer.ObserverImpl1,update/1[behavioral.observer.Item],false,8,2,1,0,1,1,1,4,0,0,1,1,1,1,0,0,0,0,0,0,1,0,0,0,0,0,4,1,0,false
/home/x1/Desktop/ass/ass16/design-patterns-master/src/behavioral/observer/ObserverImpl1.java,behavioral.observer.ObserverImpl1,getItem/0,false,13,1,3,1,2,1,3,3,0,0,0,3,0,0,0,0,0,0,2,0,0,1,0,0,0,0,5,1,0,false
/home/x1/Desktop/ass/ass16/design-patterns-master/src/behavioral/stratergy/Duck.java,behavioral.stratergy.Duck,quack/0,false,13,1,2,1,1,1,1,3,0,0,0,1,0,0,0,0,0,0,0,0,0,0,0,0,0,0,1,0,0,false
/home/x1/Desktop/ass/ass16/design-patterns-master/src/behavioral/stratergy/Duck.java,behavioral.stratergy.Duck,"Duck/2[behavioral.stratergy.QuackBehavior,behavioral.stratergy.FlyBehaviour]",true,8,2,0,0,0,1,0,4,0,0,2,0,0,0,0,0,0,0,0,0,2,0,0,0,0,0,6,1,0,false
/home/x1/Desktop/ass/ass16/design-patterns-master/src/behavioral/stratergy/Duck.java,behavioral.stratergy.Duck,eat/0,false,21,0,1,1,0,1,1,3,0,0,0,1,0,0,0,0,0,0,1,0,0,0,0,0,0,0,1,0,0,false
/home/x1/Desktop/ass/ass16/design-patterns-master/src/behavioral/stratergy/Duck.java,behavioral.stratergy.Duck,fly/0,false,17,1,2,1,1,1,1,3,0,0,0,1,0,0,0,0,0,0,0,0,0,0,0,0,0,0,1,0,0,false
/home/x1/Desktop/ass/ass16/design-patterns-master/src/behavioral/stratergy/Duck.java,behavioral.stratergy.Duck,type/0,false,25,0,0,0,0,1,0,1,0,0,0,0,0,0,0,0,0,0,0,0,0,0,0,0,0,0,1,1024,0,false
/home/x1/Desktop/ass/ass16/design-patterns-master/src/behavioral/observer/ObserverImpl2.java,behavioral.observer.ObserverImpl2,update/1[behavioral.observer.Item],false,8,2,1,0,1,1,1,4,0,0,1,1,1,1,0,0,0,0,0,0,1,0,0,0,0,0,4,1,0,false
/home/x1/Desktop/ass/ass16/design-patterns-master/src/behavioral/observer/ObserverImpl2.java,behavioral.observer.ObserverImpl2,getItem/0,false,13,1,3,1,2,1,3,3,0,0,0,3,0,0,0,0,0,0,2,0,0,1,0,0,0,0,5,1,0,false
/home/x1/Desktop/ass/ass16/design-patterns-master/src/structural/decorator/ComputerInterface.java,structural.decorator.ComputerInterface,getRamSize/0,false,7,0,3,3,0,1,0,1,0,0,0,0,0,0,0,0,0,0,0,0,0,0,0,0,0,0,3,0,0,false
/home/x1/Desktop/ass/ass16/design-patterns-master/src/structural/decorator/ComputerInterface.java,structural.decorator.ComputerInterface,getGraphicMemorySize/0,false,9,0,3,3,0,1,0,1,0,0,0,0,0,0,0,0,0,0,0,0,0,0,0,0,0,0,4,0,0,false
/home/x1/Desktop/ass/ass16/design-patterns-master/src/structural/decorator/ComputerInterface.java,structural.decorator.ComputerInterface,process/0,false,5,0,2,2,0,1,0,1,0,0,0,0,0,0,0,0,0,0,0,0,0,0,0,0,0,0,1,0,0,false
/home/x1/Desktop/ass/ass16/design-patterns-master/src/structural/decorator/GamingComputerDecorator.java,structural.decorator.GamingComputerDecorator,GamingComputerDecorator/1[structural.decorator.ComputerInterface],true,7,1,1,1,0,1,0,3,0,0,1,0,0,0,0,0,0,0,0,0,1,0,0,0,0,0,5,0,0,false
/home/x1/Desktop/ass/ass16/design-patterns-master/src/structural/decorator/GamingComputerDecorator.java,structural.decorator.GamingComputerDecorator,getRamSize/0,false,17,1,2,1,1,1,1,3,1,0,0,1,0,0,0,0,0,0,0,0,0,0,0,0,0,0,3,1,0,false
/home/x1/Desktop/ass/ass16/design-patterns-master/src/structural/decorator/GamingComputerDecorator.java,structural.decorator.GamingComputerDecorator,process/0,false,12,1,1,0,1,1,1,3,0,0,0,1,0,0,0,0,0,0,0,0,0,0,0,0,0,0,1,1,0,false
/home/x1/Desktop/ass/ass16/design-patterns-master/src/structural/decorator/GamingComputerDecorator.java,structural.decorator.GamingComputerDecorator,getGraphicMemorySize/0,false,22,1,2,1,1,1,1,3,1,0,0,1,0,0,0,0,0,0,0,1,0,1,0,0,0,0,4,1,0,false
/home/x1/Desktop/ass/ass16/design-patterns-master/src/structural/facade/Steward.java,structural.facade.Steward,getSpecials/1[java.lang.String],false,7,3,4,1,3,3,3,11,0,0,1,3,0,0,0,0,0,0,3,0,2,0,1,0,0,0,7,0,0,false
