file,class,method,variable,usage
/home/x1/Desktop/ass/ass16/Linked-Lists-Everywhere-master/src/main/java/interfases/IndexList.java,interfases.IndexList,"set/2[int,T]",e,0
/home/x1/Desktop/ass/ass16/Linked-Lists-Everywhere-master/src/main/java/interfases/IndexList.java,interfases.IndexList,"set/2[int,T]",i,0
/home/x1/Desktop/ass/ass16/Linked-Lists-Everywhere-master/src/main/java/interfases/IndexList.java,interfases.IndexList,remove/1[int],i,0
/home/x1/Desktop/ass/ass16/Linked-Lists-Everywhere-master/src/main/java/interfases/IndexList.java,interfases.IndexList,add/1[T],e,0
/home/x1/Desktop/ass/ass16/Linked-Lists-Everywhere-master/src/main/java/interfases/IndexList.java,interfases.IndexList,get/1[int],i,0
/home/x1/Desktop/ass/ass16/Linked-Lists-Everywhere-master/src/main/java/interfases/IndexList.java,interfases.IndexList,"add/2[int,T]",e,0
/home/x1/Desktop/ass/ass16/Linked-Lists-Everywhere-master/src/main/java/interfases/IndexList.java,interfases.IndexList,"add/2[int,T]",i,0
/home/x1/Desktop/ass/ass16/Linked-Lists-Everywhere-master/src/test/java/IndexListTester.java,IndexListTester,"listTester/2[java.lang.String,interfases.IndexList<java.lang.Integer>]",msg,1
/home/x1/Desktop/ass/ass16/Linked-Lists-Everywhere-master/src/test/java/IndexListTester.java,IndexListTester,"listTester/2[java.lang.String,interfases.IndexList<java.lang.Integer>]",e,1
/home/x1/Desktop/ass/ass16/Linked-Lists-Everywhere-master/src/test/java/IndexListTester.java,IndexListTester,"listTester/2[java.lang.String,interfases.IndexList<java.lang.Integer>]",i,3
/home/x1/Desktop/ass/ass16/Linked-Lists-Everywhere-master/src/test/java/IndexListTester.java,IndexListTester,"listTester/2[java.lang.String,interfases.IndexList<java.lang.Integer>]",j,2
/home/x1/Desktop/ass/ass16/Linked-Lists-Everywhere-master/src/test/java/IndexListTester.java,IndexListTester,"listTester/2[java.lang.String,interfases.IndexList<java.lang.Integer>]",list,34
/home/x1/Desktop/ass/ass16/Linked-Lists-Everywhere-master/src/test/java/IndexListTester.java,IndexListTester,showList/1[interfases.IndexList<java.lang.Integer>],lpindex,1
/home/x1/Desktop/ass/ass16/Linked-Lists-Everywhere-master/src/test/java/IndexListTester.java,IndexListTester,showList/1[interfases.IndexList<java.lang.Integer>],i,3
/home/x1/Desktop/ass/ass16/Linked-Lists-Everywhere-master/src/test/java/IndexListTester.java,IndexListTester,showList/1[interfases.IndexList<java.lang.Integer>],list,3
/home/x1/Desktop/ass/ass16/Linked-Lists-Everywhere-master/src/test/java/IndexListTester.java,IndexListTester,"showElement/2[interfases.IndexList<java.lang.Integer>,int]",e,1
/home/x1/Desktop/ass/ass16/Linked-Lists-Everywhere-master/src/test/java/IndexListTester.java,IndexListTester,"showElement/2[interfases.IndexList<java.lang.Integer>,int]",position,2
/home/x1/Desktop/ass/ass16/Linked-Lists-Everywhere-master/src/test/java/IndexListTester.java,IndexListTester,"showElement/2[interfases.IndexList<java.lang.Integer>,int]",list,1
/home/x1/Desktop/ass/ass16/Linked-Lists-Everywhere-master/src/test/java/IndexListTester.java,IndexListTester,"showListAfterReplacing/3[interfases.IndexList<java.lang.Integer>,int,java.lang.Integer]",etr,1
/home/x1/Desktop/ass/ass16/Linked-Lists-Everywhere-master/src/test/java/IndexListTester.java,IndexListTester,"showListAfterReplacing/3[interfases.IndexList<java.lang.Integer>,int,java.lang.Integer]",pos,2
/home/x1/Desktop/ass/ass16/Linked-Lists-Everywhere-master/src/test/java/IndexListTester.java,IndexListTester,"showListAfterReplacing/3[interfases.IndexList<java.lang.Integer>,int,java.lang.Integer]",e,1
/home/x1/Desktop/ass/ass16/Linked-Lists-Everywhere-master/src/test/java/IndexListTester.java,IndexListTester,"showListAfterReplacing/3[interfases.IndexList<java.lang.Integer>,int,java.lang.Integer]",list,2
/home/x1/Desktop/ass/ass16/Linked-Lists-Everywhere-master/src/test/java/IndexListTester.java,IndexListTester,"showListAfterReplacing/3[interfases.IndexList<java.lang.Integer>,int,java.lang.Integer]",element,2
/home/x1/Desktop/ass/ass16/Linked-Lists-Everywhere-master/src/test/java/IndexListTester.java,IndexListTester,"showListAfterAdding/3[interfases.IndexList<java.lang.Integer>,int,java.lang.Integer]",pos,2
/home/x1/Desktop/ass/ass16/Linked-Lists-Everywhere-master/src/test/java/IndexListTester.java,IndexListTester,"showListAfterAdding/3[interfases.IndexList<java.lang.Integer>,int,java.lang.Integer]",e,1
/home/x1/Desktop/ass/ass16/Linked-Lists-Everywhere-master/src/test/java/IndexListTester.java,IndexListTester,"showListAfterAdding/3[interfases.IndexList<java.lang.Integer>,int,java.lang.Integer]",list,2
/home/x1/Desktop/ass/ass16/Linked-Lists-Everywhere-master/src/test/java/IndexListTester.java,IndexListTester,"showListAfterAdding/3[interfases.IndexList<java.lang.Integer>,int,java.lang.Integer]",element,2
/home/x1/Desktop/ass/ass16/Linked-Lists-Everywhere-master/src/test/java/IndexListTester.java,IndexListTester,showSize/1[interfases.IndexList<java.lang.Integer>],list,1
/home/x1/Desktop/ass/ass16/Linked-Lists-Everywhere-master/src/test/java/IndexListTester.java,IndexListTester,main/1[java.lang.String[]],args,0
/home/x1/Desktop/ass/ass16/Linked-Lists-Everywhere-master/src/test/java/IndexListTester.java,IndexListTester,"showListAfterDeleting/2[interfases.IndexList<java.lang.Integer>,int]",etr,1
/home/x1/Desktop/ass/ass16/Linked-Lists-Everywhere-master/src/test/java/IndexListTester.java,IndexListTester,"showListAfterDeleting/2[interfases.IndexList<java.lang.Integer>,int]",pos,2
/home/x1/Desktop/ass/ass16/Linked-Lists-Everywhere-master/src/test/java/IndexListTester.java,IndexListTester,"showListAfterDeleting/2[interfases.IndexList<java.lang.Integer>,int]",e,1
/home/x1/Desktop/ass/ass16/Linked-Lists-Everywhere-master/src/test/java/IndexListTester.java,IndexListTester,"showListAfterDeleting/2[interfases.IndexList<java.lang.Integer>,int]",list,2
/home/x1/Desktop/ass/ass16/Linked-Lists-Everywhere-master/src/main/java/indexlist/LLIndexList.java,indexlist.LLIndexList,getDataNodeAtPosition/1[int],p,2
/home/x1/Desktop/ass/ass16/Linked-Lists-Everywhere-master/src/main/java/indexlist/LLIndexList.java,indexlist.LLIndexList,getDataNodeAtPosition/1[int],posIndex,1
/home/x1/Desktop/ass/ass16/Linked-Lists-Everywhere-master/src/main/java/indexlist/LLIndexList.java,indexlist.LLIndexList,getDataNodeAtPosition/1[int],target,3
/home/x1/Desktop/ass/ass16/Linked-Lists-Everywhere-master/src/main/java/indexlist/LLIndexList.java,indexlist.LLIndexList,remove/1[int],etr,1
/home/x1/Desktop/ass/ass16/Linked-Lists-Everywhere-master/src/main/java/indexlist/LLIndexList.java,indexlist.LLIndexList,remove/1[int],index,4
/home/x1/Desktop/ass/ass16/Linked-Lists-Everywhere-master/src/main/java/indexlist/LLIndexList.java,indexlist.LLIndexList,remove/1[int],ntr,2
/home/x1/Desktop/ass/ass16/Linked-Lists-Everywhere-master/src/main/java/indexlist/LLIndexList.java,indexlist.LLIndexList,LLIndexList/1[interfases.LinkedList<T>],theList,1
/home/x1/Desktop/ass/ass16/Linked-Lists-Everywhere-master/src/main/java/indexlist/LLIndexList.java,indexlist.LLIndexList,get/1[int],targetINode,1
/home/x1/Desktop/ass/ass16/Linked-Lists-Everywhere-master/src/main/java/indexlist/LLIndexList.java,indexlist.LLIndexList,get/1[int],index,4
/home/x1/Desktop/ass/ass16/Linked-Lists-Everywhere-master/src/main/java/indexlist/LLIndexList.java,indexlist.LLIndexList,"add/2[int,T]",e,1
/home/x1/Desktop/ass/ass16/Linked-Lists-Everywhere-master/src/main/java/indexlist/LLIndexList.java,indexlist.LLIndexList,"add/2[int,T]",index,5
/home/x1/Desktop/ass/ass16/Linked-Lists-Everywhere-master/src/main/java/indexlist/LLIndexList.java,indexlist.LLIndexList,"add/2[int,T]",newNode,3
/home/x1/Desktop/ass/ass16/Linked-Lists-Everywhere-master/src/main/java/indexlist/LLIndexList.java,indexlist.LLIndexList,"add/2[int,T]",previousNode,1
/home/x1/Desktop/ass/ass16/Linked-Lists-Everywhere-master/src/main/java/indexlist/LLIndexList.java,indexlist.LLIndexList,"set/2[int,T]",etr,1
/home/x1/Desktop/ass/ass16/Linked-Lists-Everywhere-master/src/main/java/indexlist/LLIndexList.java,indexlist.LLIndexList,"set/2[int,T]",e,1
/home/x1/Desktop/ass/ass16/Linked-Lists-Everywhere-master/src/main/java/indexlist/LLIndexList.java,indexlist.LLIndexList,"set/2[int,T]",index,4
/home/x1/Desktop/ass/ass16/Linked-Lists-Everywhere-master/src/main/java/indexlist/LLIndexList.java,indexlist.LLIndexList,"set/2[int,T]",ntc,2
/home/x1/Desktop/ass/ass16/Linked-Lists-Everywhere-master/src/main/java/indexlist/LLIndexList.java,indexlist.LLIndexList,add/1[T],e,1
/home/x1/Desktop/ass/ass16/Linked-Lists-Everywhere-master/src/main/java/indexlist/LLIndexList.java,indexlist.LLIndexList,add/1[T],newNode,2
/home/x1/Desktop/ass/ass16/Linked-Lists-Everywhere-master/src/main/java/indexlist/LLIndexList.java,indexlist.LLIndexList,add/1[T],previousNode,1
/home/x1/Desktop/ass/ass16/Linked-Lists-Everywhere-master/src/main/java/linkedLists/SLList.java,linkedLists.SLList,getNodeAfter/1[interfases.Node<T>],target,1
/home/x1/Desktop/ass/ass16/Linked-Lists-Everywhere-master/src/main/java/linkedLists/SLList.java,linkedLists.SLList,"addNodeAfter/2[interfases.Node<T>,interfases.Node<T>]",nuevo,2
/home/x1/Desktop/ass/ass16/Linked-Lists-Everywhere-master/src/main/java/linkedLists/SLList.java,linkedLists.SLList,"addNodeAfter/2[interfases.Node<T>,interfases.Node<T>]",target,2
/home/x1/Desktop/ass/ass16/Linked-Lists-Everywhere-master/src/main/java/linkedLists/SLList.java,linkedLists.SLList,addFirstNode/1[interfases.Node<T>],nuevo,2
/home/x1/Desktop/ass/ass16/Linked-Lists-Everywhere-master/src/main/java/linkedLists/SLList.java,linkedLists.SLList,getNodeBefore/1[interfases.Node<T>],target,2
/home/x1/Desktop/ass/ass16/Linked-Lists-Everywhere-master/src/main/java/linkedLists/SLList.java,linkedLists.SLList,getLastNode/0,curr,4
/home/x1/Desktop/ass/ass16/Linked-Lists-Everywhere-master/src/main/java/linkedLists/SLList.java,linkedLists.SLList,"addNodeBefore/2[interfases.Node<T>,interfases.Node<T>]",prevNode,1
/home/x1/Desktop/ass/ass16/Linked-Lists-Everywhere-master/src/main/java/linkedLists/SLList.java,linkedLists.SLList,"addNodeBefore/2[interfases.Node<T>,interfases.Node<T>]",nuevo,2
/home/x1/Desktop/ass/ass16/Linked-Lists-Everywhere-master/src/main/java/linkedLists/SLList.java,linkedLists.SLList,"addNodeBefore/2[interfases.Node<T>,interfases.Node<T>]",target,2
/home/x1/Desktop/ass/ass16/Linked-Lists-Everywhere-master/src/main/java/linkedLists/SLList.java,linkedLists.SLList,findNodePrevTo/1[interfases.Node<T>],prev,5
/home/x1/Desktop/ass/ass16/Linked-Lists-Everywhere-master/src/main/java/linkedLists/SLList.java,linkedLists.SLList,findNodePrevTo/1[interfases.Node<T>],target,2
/home/x1/Desktop/ass/ass16/Linked-Lists-Everywhere-master/src/main/java/linkedLists/SLList.java,linkedLists.SLList,destroy/0,nnode,1
/home/x1/Desktop/ass/ass16/Linked-Lists-Everywhere-master/src/main/java/linkedLists/SLList.java,linkedLists.SLList,removeNode/1[interfases.Node<T>],prevNode,1
/home/x1/Desktop/ass/ass16/Linked-Lists-Everywhere-master/src/main/java/linkedLists/SLList.java,linkedLists.SLList,removeNode/1[interfases.Node<T>],target,4
/home/x1/Desktop/ass/ass16/Linked-Lists-Everywhere-master/src/main/java/linkedLists/SLList.java,linkedLists.SLList,clone/0,listClone,3
/home/x1/Desktop/ass/ass16/Linked-Lists-Everywhere-master/src/main/java/linkedLists/SLList.java,linkedLists.SLList,clone/0,e,1
/home/x1/Desktop/ass/ass16/Linked-Lists-Everywhere-master/src/main/java/linkedLists/SLList.java,linkedLists.SLList,clone/0,tempNode,2
/home/x1/Desktop/ass/ass16/Linked-Lists-Everywhere-master/src/main/java/linkedLists/SLList.java,linkedLists.SLList,addLastNode/1[interfases.Node<T>],p,4
/home/x1/Desktop/ass/ass16/Linked-Lists-Everywhere-master/src/main/java/linkedLists/SLList.java,linkedLists.SLList,addLastNode/1[interfases.Node<T>],nuevo,1
/home/x1/Desktop/ass/ass16/Linked-Lists-Everywhere-master/src/main/java/linkedLists/SLList.java,linkedLists.SLList,addLastNode/1[interfases.Node<T>],sNuevo,3
/home/x1/Desktop/ass/ass16/Linked-Lists-Everywhere-master/src/main/java/linkedLists/SLFLList.java,linkedLists.SLFLList,"addNodeAfter/2[interfases.Node<T>,interfases.Node<T>]",newNode,3
/home/x1/Desktop/ass/ass16/Linked-Lists-Everywhere-master/src/main/java/linkedLists/SLFLList.java,linkedLists.SLFLList,"addNodeAfter/2[interfases.Node<T>,interfases.Node<T>]",target,4
/home/x1/Desktop/ass/ass16/Linked-Lists-Everywhere-master/src/main/java/linkedLists/SLFLList.java,linkedLists.SLFLList,removeNode/1[interfases.Node<T>],previous,5
/home/x1/Desktop/ass/ass16/Linked-Lists-Everywhere-master/src/main/java/linkedLists/SLFLList.java,linkedLists.SLFLList,removeNode/1[interfases.Node<T>],newTarget,5
/home/x1/Desktop/ass/ass16/Linked-Lists-Everywhere-master/src/main/java/linkedLists/SLFLList.java,linkedLists.SLFLList,removeNode/1[interfases.Node<T>],target,3
/home/x1/Desktop/ass/ass16/Linked-Lists-Everywhere-master/src/main/java/linkedLists/SLFLList.java,linkedLists.SLFLList,"addNodeBefore/2[interfases.Node<T>,interfases.Node<T>]",prevNode,2
/home/x1/Desktop/ass/ass16/Linked-Lists-Everywhere-master/src/main/java/linkedLists/SLFLList.java,linkedLists.SLFLList,"addNodeBefore/2[interfases.Node<T>,interfases.Node<T>]",newNode,2
/home/x1/Desktop/ass/ass16/Linked-Lists-Everywhere-master/src/main/java/linkedLists/SLFLList.java,linkedLists.SLFLList,"addNodeBefore/2[interfases.Node<T>,interfases.Node<T>]",target,2
/home/x1/Desktop/ass/ass16/Linked-Lists-Everywhere-master/src/main/java/linkedLists/SLFLList.java,linkedLists.SLFLList,addFirstNode/1[interfases.Node<T>],newNode,3
/home/x1/Desktop/ass/ass16/Linked-Lists-Everywhere-master/src/main/java/linkedLists/SLFLList.java,linkedLists.SLFLList,getNodeAfter/1[interfases.Node<T>],target,2
/home/x1/Desktop/ass/ass16/Linked-Lists-Everywhere-master/src/main/java/linkedLists/SLFLList.java,linkedLists.SLFLList,clone/0,listClone,3
/home/x1/Desktop/ass/ass16/Linked-Lists-Everywhere-master/src/main/java/linkedLists/SLFLList.java,linkedLists.SLFLList,clone/0,e,1
/home/x1/Desktop/ass/ass16/Linked-Lists-Everywhere-master/src/main/java/linkedLists/SLFLList.java,linkedLists.SLFLList,clone/0,tempNode,2
/home/x1/Desktop/ass/ass16/Linked-Lists-Everywhere-master/src/main/java/linkedLists/SLFLList.java,linkedLists.SLFLList,findNodePrevTo/1[interfases.Node<T>],prev,5
/home/x1/Desktop/ass/ass16/Linked-Lists-Everywhere-master/src/main/java/linkedLists/SLFLList.java,linkedLists.SLFLList,findNodePrevTo/1[interfases.Node<T>],target,2
/home/x1/Desktop/ass/ass16/Linked-Lists-Everywhere-master/src/main/java/linkedLists/SLFLList.java,linkedLists.SLFLList,getNodeBefore/1[interfases.Node<T>],prev,5
/home/x1/Desktop/ass/ass16/Linked-Lists-Everywhere-master/src/main/java/linkedLists/SLFLList.java,linkedLists.SLFLList,getNodeBefore/1[interfases.Node<T>],target,3
/home/x1/Desktop/ass/ass16/Linked-Lists-Everywhere-master/src/main/java/linkedLists/SLFLList.java,linkedLists.SLFLList,addLastNode/1[interfases.Node<T>],newNode,1
/home/x1/Desktop/ass/ass16/Linked-Lists-Everywhere-master/src/main/java/linkedLists/SLFLList.java,linkedLists.SLFLList,addLastNode/1[interfases.Node<T>],daNode,4
/home/x1/Desktop/ass/ass16/Linked-Lists-Everywhere-master/src/test/java/CloneTester.java,CloneTester,main/1[java.lang.String[]],args,0
/home/x1/Desktop/ass/ass16/Linked-Lists-Everywhere-master/src/test/java/CloneTester.java,CloneTester,main/1[java.lang.String[]],cloneSLList,0
/home/x1/Desktop/ass/ass16/Linked-Lists-Everywhere-master/src/test/java/CloneTester.java,CloneTester,main/1[java.lang.String[]],SLList,4
/home/x1/Desktop/ass/ass16/Linked-Lists-Everywhere-master/src/test/java/CloneTester.java,CloneTester,main/1[java.lang.String[]],DLDHDTList,4
/home/x1/Desktop/ass/ass16/Linked-Lists-Everywhere-master/src/test/java/CloneTester.java,CloneTester,main/1[java.lang.String[]],SLFLList,4
/home/x1/Desktop/ass/ass16/Linked-Lists-Everywhere-master/src/test/java/CloneTester.java,CloneTester,main/1[java.lang.String[]],cloneSLFLList,0
/home/x1/Desktop/ass/ass16/Linked-Lists-Everywhere-master/src/test/java/CloneTester.java,CloneTester,main/1[java.lang.String[]],cloneDLDHDTList,0
/home/x1/Desktop/ass/ass16/Linked-Lists-Everywhere-master/src/main/java/linkedLists/SLFLList.java,linkedLists.SLFLList$NodesIterator,next/0,ntr,1
/home/x1/Desktop/ass/ass16/Linked-Lists-Everywhere-master/src/main/java/interfases/Node.java,interfases.Node,setElement/1[T],e,0
/home/x1/Desktop/ass/ass16/Linked-Lists-Everywhere-master/src/main/java/linkedLists/AbstractDLList.java,linkedLists.AbstractDLList$DNode,setElement/1[T],data,1
/home/x1/Desktop/ass/ass16/Linked-Lists-Everywhere-master/src/main/java/linkedLists/AbstractDLList.java,linkedLists.AbstractDLList$DNode,setNext/1[linkedLists.AbstractDLList.DNode<T>],next,2
/home/x1/Desktop/ass/ass16/Linked-Lists-Everywhere-master/src/main/java/linkedLists/AbstractDLList.java,linkedLists.AbstractDLList$DNode,"DNode/3[T,linkedLists.AbstractDLList.DNode<T>,linkedLists.AbstractDLList.DNode<T>]",p,1
/home/x1/Desktop/ass/ass16/Linked-Lists-Everywhere-master/src/main/java/linkedLists/AbstractDLList.java,linkedLists.AbstractDLList$DNode,"DNode/3[T,linkedLists.AbstractDLList.DNode<T>,linkedLists.AbstractDLList.DNode<T>]",e,1
/home/x1/Desktop/ass/ass16/Linked-Lists-Everywhere-master/src/main/java/linkedLists/AbstractDLList.java,linkedLists.AbstractDLList$DNode,"DNode/3[T,linkedLists.AbstractDLList.DNode<T>,linkedLists.AbstractDLList.DNode<T>]",n,1
/home/x1/Desktop/ass/ass16/Linked-Lists-Everywhere-master/src/main/java/linkedLists/AbstractDLList.java,linkedLists.AbstractDLList$DNode,setPrev/1[linkedLists.AbstractDLList.DNode<T>],prev,2
/home/x1/Desktop/ass/ass16/Linked-Lists-Everywhere-master/src/main/java/linkedLists/AbstractDLList.java,linkedLists.AbstractDLList$DNode,DNode/1[T],e,1
/home/x1/Desktop/ass/ass16/Linked-Lists-Everywhere-master/src/main/java/linkedLists/DLDHDTList.java,linkedLists.DLDHDTList,"addNodeAfter/2[interfases.Node<T>,interfases.Node<T>]",nBefore,3
/home/x1/Desktop/ass/ass16/Linked-Lists-Everywhere-master/src/main/java/linkedLists/DLDHDTList.java,linkedLists.DLDHDTList,"addNodeAfter/2[interfases.Node<T>,interfases.Node<T>]",nAfter,2
/home/x1/Desktop/ass/ass16/Linked-Lists-Everywhere-master/src/main/java/linkedLists/DLDHDTList.java,linkedLists.DLDHDTList,"addNodeAfter/2[interfases.Node<T>,interfases.Node<T>]",dNewNode,4
/home/x1/Desktop/ass/ass16/Linked-Lists-Everywhere-master/src/main/java/linkedLists/DLDHDTList.java,linkedLists.DLDHDTList,"addNodeAfter/2[interfases.Node<T>,interfases.Node<T>]",newNode,1
/home/x1/Desktop/ass/ass16/Linked-Lists-Everywhere-master/src/main/java/linkedLists/DLDHDTList.java,linkedLists.DLDHDTList,"addNodeAfter/2[interfases.Node<T>,interfases.Node<T>]",target,1
/home/x1/Desktop/ass/ass16/Linked-Lists-Everywhere-master/src/main/java/linkedLists/DLDHDTList.java,linkedLists.DLDHDTList,clone/0,listClone,3
/home/x1/Desktop/ass/ass16/Linked-Lists-Everywhere-master/src/main/java/linkedLists/DLDHDTList.java,linkedLists.DLDHDTList,clone/0,e,1
/home/x1/Desktop/ass/ass16/Linked-Lists-Everywhere-master/src/main/java/linkedLists/DLDHDTList.java,linkedLists.DLDHDTList,clone/0,tempNode,2
/home/x1/Desktop/ass/ass16/Linked-Lists-Everywhere-master/src/main/java/linkedLists/DLDHDTList.java,linkedLists.DLDHDTList,removeNode/1[interfases.Node<T>],tNode,5
/home/x1/Desktop/ass/ass16/Linked-Lists-Everywhere-master/src/main/java/linkedLists/DLDHDTList.java,linkedLists.DLDHDTList,removeNode/1[interfases.Node<T>],target,1
/home/x1/Desktop/ass/ass16/Linked-Lists-Everywhere-master/src/main/java/linkedLists/DLDHDTList.java,linkedLists.DLDHDTList,getNodeAfter/1[interfases.Node<T>],target,1
/home/x1/Desktop/ass/ass16/Linked-Lists-Everywhere-master/src/main/java/linkedLists/DLDHDTList.java,linkedLists.DLDHDTList,getNodeBefore/1[interfases.Node<T>],target,1
/home/x1/Desktop/ass/ass16/Linked-Lists-Everywhere-master/src/main/java/linkedLists/DLDHDTList.java,linkedLists.DLDHDTList,makeEmpty/0,dummyTrailerNode,1
/home/x1/Desktop/ass/ass16/Linked-Lists-Everywhere-master/src/main/java/linkedLists/DLDHDTList.java,linkedLists.DLDHDTList,addFirstNode/1[interfases.Node<T>],newNode,1
/home/x1/Desktop/ass/ass16/Linked-Lists-Everywhere-master/src/main/java/linkedLists/DLDHDTList.java,linkedLists.DLDHDTList,"addNodeBefore/2[interfases.Node<T>,interfases.Node<T>]",nuevo,1
/home/x1/Desktop/ass/ass16/Linked-Lists-Everywhere-master/src/main/java/linkedLists/DLDHDTList.java,linkedLists.DLDHDTList,"addNodeBefore/2[interfases.Node<T>,interfases.Node<T>]",newNode,3
/home/x1/Desktop/ass/ass16/Linked-Lists-Everywhere-master/src/main/java/linkedLists/DLDHDTList.java,linkedLists.DLDHDTList,"addNodeBefore/2[interfases.Node<T>,interfases.Node<T>]",targetNode,5
/home/x1/Desktop/ass/ass16/Linked-Lists-Everywhere-master/src/main/java/linkedLists/DLDHDTList.java,linkedLists.DLDHDTList,"addNodeBefore/2[interfases.Node<T>,interfases.Node<T>]",target,1
/home/x1/Desktop/ass/ass16/Linked-Lists-Everywhere-master/src/main/java/linkedLists/DLDHDTList.java,linkedLists.DLDHDTList,addLastNode/1[interfases.Node<T>],nBefore,2
/home/x1/Desktop/ass/ass16/Linked-Lists-Everywhere-master/src/main/java/linkedLists/DLDHDTList.java,linkedLists.DLDHDTList,addLastNode/1[interfases.Node<T>],dNewNode,4
/home/x1/Desktop/ass/ass16/Linked-Lists-Everywhere-master/src/main/java/linkedLists/DLDHDTList.java,linkedLists.DLDHDTList,addLastNode/1[interfases.Node<T>],newNode,1
/home/x1/Desktop/ass/ass16/Linked-Lists-Everywhere-master/src/main/java/linkedLists/DLDHDTList.java,linkedLists.DLDHDTList,destroy/0,nodeToBeDestroyed,1
/home/x1/Desktop/ass/ass16/Linked-Lists-Everywhere-master/src/main/java/interfases/LinkedList.java,interfases.LinkedList,removeNode/1[interfases.Node<T>],target,0
/home/x1/Desktop/ass/ass16/Linked-Lists-Everywhere-master/src/main/java/interfases/LinkedList.java,interfases.LinkedList,getNodeAfter/1[interfases.Node<T>],target,0
/home/x1/Desktop/ass/ass16/Linked-Lists-Everywhere-master/src/main/java/interfases/LinkedList.java,interfases.LinkedList,"addNodeBefore/2[interfases.Node<T>,interfases.Node<T>]",newNode,0
/home/x1/Desktop/ass/ass16/Linked-Lists-Everywhere-master/src/main/java/interfases/LinkedList.java,interfases.LinkedList,"addNodeBefore/2[interfases.Node<T>,interfases.Node<T>]",target,0
/home/x1/Desktop/ass/ass16/Linked-Lists-Everywhere-master/src/main/java/interfases/LinkedList.java,interfases.LinkedList,getNodeBefore/1[interfases.Node<T>],target,0
/home/x1/Desktop/ass/ass16/Linked-Lists-Everywhere-master/src/main/java/interfases/LinkedList.java,interfases.LinkedList,addLastNode/1[interfases.Node<T>],newNode,0
/home/x1/Desktop/ass/ass16/Linked-Lists-Everywhere-master/src/main/java/interfases/LinkedList.java,interfases.LinkedList,"addNodeAfter/2[interfases.Node<T>,interfases.Node<T>]",newNode,0
/home/x1/Desktop/ass/ass16/Linked-Lists-Everywhere-master/src/main/java/interfases/LinkedList.java,interfases.LinkedList,"addNodeAfter/2[interfases.Node<T>,interfases.Node<T>]",target,0
/home/x1/Desktop/ass/ass16/Linked-Lists-Everywhere-master/src/main/java/interfases/LinkedList.java,interfases.LinkedList,addFirstNode/1[interfases.Node<T>],newNode,0
/home/x1/Desktop/ass/ass16/Linked-Lists-Everywhere-master/src/main/java/linkedLists/SLList.java,linkedLists.SLList$NodesIterator,next/0,ntr,1
/home/x1/Desktop/ass/ass16/Linked-Lists-Everywhere-master/src/main/java/linkedLists/AbstractSLList.java,linkedLists.AbstractSLList$SNode,setElement/1[T],data,1
/home/x1/Desktop/ass/ass16/Linked-Lists-Everywhere-master/src/main/java/linkedLists/AbstractSLList.java,linkedLists.AbstractSLList$SNode,setNext/1[linkedLists.AbstractSLList.SNode<T>],next,2
/home/x1/Desktop/ass/ass16/Linked-Lists-Everywhere-master/src/main/java/linkedLists/AbstractSLList.java,linkedLists.AbstractSLList$SNode,"SNode/2[T,linkedLists.AbstractSLList.SNode<T>]",next,2
/home/x1/Desktop/ass/ass16/Linked-Lists-Everywhere-master/src/main/java/linkedLists/AbstractSLList.java,linkedLists.AbstractSLList$SNode,"SNode/2[T,linkedLists.AbstractSLList.SNode<T>]",data,1
/home/x1/Desktop/ass/ass16/Linked-Lists-Everywhere-master/src/main/java/linkedLists/AbstractSLList.java,linkedLists.AbstractSLList$SNode,SNode/1[T],data,1
/home/x1/Desktop/ass/ass16/Linked-Lists-Everywhere-master/src/main/java/linkedLists/DLDHDTList.java,linkedLists.DLDHDTList$NodesIterator,next/0,ntr,1
