file,class,method,variable,usage
/home/x1/Desktop/ass/ass16/Cinema_Ticket_Booking_System-main/src/MainGUI.java,MainGUI,initGUI/0,dCon,1
/home/x1/Desktop/ass/ass16/Cinema_Ticket_Booking_System-main/src/MainGUI.java,MainGUI,initGUI/0,Ad,1
/home/x1/Desktop/ass/ass16/Cinema_Ticket_Booking_System-main/src/MainGUI.java,MainGUI,initGUI/0,HP,1
/home/x1/Desktop/ass/ass16/Cinema_Ticket_Booking_System-main/src/MainGUI.java,MainGUI,initGUI/0,logo,2
/home/x1/Desktop/ass/ass16/Cinema_Ticket_Booking_System-main/src/MainGUI.java,MainGUI,initGUI/0,sIn,1
/home/x1/Desktop/ass/ass16/Cinema_Ticket_Booking_System-main/src/MainGUI.java,MainGUI,initGUI/0,fr,13
/home/x1/Desktop/ass/ass16/Cinema_Ticket_Booking_System-main/src/MainGUI.java,MainGUI,initGUI/0,DB,1
/home/x1/Desktop/ass/ass16/Cinema_Ticket_Booking_System-main/src/MainGUI.java,MainGUI,initGUI/0,sUp,1
/home/x1/Desktop/ass/ass16/Cinema_Ticket_Booking_System-main/src/MainGUI.java,MainGUI,initGUI/0,hnd,8
/home/x1/Desktop/ass/ass16/Cinema_Ticket_Booking_System-main/src/SignInGUI.java,SignInGUI,initSignInGUI/0,welcomeLbl,4
/home/x1/Desktop/ass/ass16/Cinema_Ticket_Booking_System-main/src/SignInGUI.java,SignInGUI,initSignInGUI/0,signInPnl,11
/home/x1/Desktop/ass/ass16/Cinema_Ticket_Booking_System-main/src/SignInGUI.java,SignInGUI,initSignInGUI/0,pass,3
/home/x1/Desktop/ass/ass16/Cinema_Ticket_Booking_System-main/src/SignInGUI.java,SignInGUI,initSignInGUI/0,signUpBtn,9
/home/x1/Desktop/ass/ass16/Cinema_Ticket_Booking_System-main/src/SignInGUI.java,SignInGUI,initSignInGUI/0,header,7
/home/x1/Desktop/ass/ass16/Cinema_Ticket_Booking_System-main/src/SignInGUI.java,SignInGUI,initSignInGUI/0,CNIC,3
/home/x1/Desktop/ass/ass16/Cinema_Ticket_Booking_System-main/src/SignInGUI.java,SignInGUI,initSignInGUI/0,title,5
/home/x1/Desktop/ass/ass16/Cinema_Ticket_Booking_System-main/src/SignInGUI.java,SignInGUI,initSignInGUI/0,passLbl,3
/home/x1/Desktop/ass/ass16/Cinema_Ticket_Booking_System-main/src/SignInGUI.java,SignInGUI,initSignInGUI/0,signInBtn,6
/home/x1/Desktop/ass/ass16/Cinema_Ticket_Booking_System-main/src/SignInGUI.java,SignInGUI,initSignInGUI/0,CNICLbl,3
/home/x1/Desktop/ass/ass16/Cinema_Ticket_Booking_System-main/src/SignUpGUI.java,SignUpGUI,initSignUpGUI/0,cnicLbl,3
/home/x1/Desktop/ass/ass16/Cinema_Ticket_Booking_System-main/src/SignUpGUI.java,SignUpGUI,initSignUpGUI/0,signUpPnl,15
/home/x1/Desktop/ass/ass16/Cinema_Ticket_Booking_System-main/src/SignUpGUI.java,SignUpGUI,initSignUpGUI/0,userNameLbl,3
/home/x1/Desktop/ass/ass16/Cinema_Ticket_Booking_System-main/src/SignUpGUI.java,SignUpGUI,initSignUpGUI/0,pass,3
/home/x1/Desktop/ass/ass16/Cinema_Ticket_Booking_System-main/src/SignUpGUI.java,SignUpGUI,initSignUpGUI/0,cnic,3
/home/x1/Desktop/ass/ass16/Cinema_Ticket_Booking_System-main/src/SignUpGUI.java,SignUpGUI,initSignUpGUI/0,title,5
/home/x1/Desktop/ass/ass16/Cinema_Ticket_Booking_System-main/src/SignUpGUI.java,SignUpGUI,initSignUpGUI/0,userName,3
/home/x1/Desktop/ass/ass16/Cinema_Ticket_Booking_System-main/src/SignUpGUI.java,SignUpGUI,initSignUpGUI/0,passLbl,3
/home/x1/Desktop/ass/ass16/Cinema_Ticket_Booking_System-main/src/SignUpGUI.java,SignUpGUI,initSignUpGUI/0,welcomeLbl,4
/home/x1/Desktop/ass/ass16/Cinema_Ticket_Booking_System-main/src/SignUpGUI.java,SignUpGUI,initSignUpGUI/0,phone,3
/home/x1/Desktop/ass/ass16/Cinema_Ticket_Booking_System-main/src/SignUpGUI.java,SignUpGUI,initSignUpGUI/0,signUpBtn,6
/home/x1/Desktop/ass/ass16/Cinema_Ticket_Booking_System-main/src/SignUpGUI.java,SignUpGUI,initSignUpGUI/0,header,7
/home/x1/Desktop/ass/ass16/Cinema_Ticket_Booking_System-main/src/SignUpGUI.java,SignUpGUI,initSignUpGUI/0,phoneLbl,3
/home/x1/Desktop/ass/ass16/Cinema_Ticket_Booking_System-main/src/SignUpGUI.java,SignUpGUI,initSignUpGUI/0,signInBtn,9
/home/x1/Desktop/ass/ass16/Cinema_Ticket_Booking_System-main/src/Dashboard.java,Dashboard,initGUI/0,dCon,1
/home/x1/Desktop/ass/ass16/Cinema_Ticket_Booking_System-main/src/Dashboard.java,Dashboard,initGUI/0,dashboardPnl,9
/home/x1/Desktop/ass/ass16/Cinema_Ticket_Booking_System-main/src/Dashboard.java,Dashboard,initGUI/0,scrollPane,2
/home/x1/Desktop/ass/ass16/Cinema_Ticket_Booking_System-main/src/Dashboard.java,Dashboard,initGUI/0,userNameLbl,8
/home/x1/Desktop/ass/ass16/Cinema_Ticket_Booking_System-main/src/Dashboard.java,Dashboard,initGUI/0,innerPanel,4
/home/x1/Desktop/ass/ass16/Cinema_Ticket_Booking_System-main/src/Dashboard.java,Dashboard,initGUI/0,uName,1
/home/x1/Desktop/ass/ass16/Cinema_Ticket_Booking_System-main/src/Dashboard.java,Dashboard,initGUI/0,lOutBtn,9
/home/x1/Desktop/ass/ass16/Cinema_Ticket_Booking_System-main/src/Dashboard.java,Dashboard,initGUI/0,homeBtn,9
/home/x1/Desktop/ass/ass16/Cinema_Ticket_Booking_System-main/src/Dashboard.java,Dashboard,initGUI/0,pswdBtn,9
/home/x1/Desktop/ass/ass16/Cinema_Ticket_Booking_System-main/src/Dashboard.java,Dashboard,initGUI/0,hnd,3
/home/x1/Desktop/ass/ass16/Cinema_Ticket_Booking_System-main/src/Dashboard.java,Dashboard,"setData/2[java.lang.String,java.lang.String]",uID,1
/home/x1/Desktop/ass/ass16/Cinema_Ticket_Booking_System-main/src/Dashboard.java,Dashboard,"setData/2[java.lang.String,java.lang.String]",userNameLbl,1
/home/x1/Desktop/ass/ass16/Cinema_Ticket_Booking_System-main/src/Dashboard.java,Dashboard,"setData/2[java.lang.String,java.lang.String]",uName,4
/home/x1/Desktop/ass/ass16/Cinema_Ticket_Booking_System-main/src/Dashboard.java,Dashboard,Dashboard/1[MainGUI.ButtonHandler],hnd,1
/home/x1/Desktop/ass/ass16/Cinema_Ticket_Booking_System-main/src/Dashboard.java,Dashboard,updateDashboard/0,dCon,2
/home/x1/Desktop/ass/ass16/Cinema_Ticket_Booking_System-main/src/Dashboard.java,Dashboard,updateDashboard/0,uID,2
/home/x1/Desktop/ass/ass16/Cinema_Ticket_Booking_System-main/src/Dashboard.java,Dashboard,updateDashboard/0,rs,6
/home/x1/Desktop/ass/ass16/Cinema_Ticket_Booking_System-main/src/Dashboard.java,Dashboard,updateDashboard/0,dashboardPnl,1
/home/x1/Desktop/ass/ass16/Cinema_Ticket_Booking_System-main/src/Dashboard.java,Dashboard,updateDashboard/0,scrollPane,2
/home/x1/Desktop/ass/ass16/Cinema_Ticket_Booking_System-main/src/Dashboard.java,Dashboard,updateDashboard/0,innerPanel,5
/home/x1/Desktop/ass/ass16/Cinema_Ticket_Booking_System-main/src/Dashboard.java,Dashboard,updateDashboard/0,icon,2
/home/x1/Desktop/ass/ass16/Cinema_Ticket_Booking_System-main/src/Dashboard.java,Dashboard,updateDashboard/0,hnd,1
/home/x1/Desktop/ass/ass16/Cinema_Ticket_Booking_System-main/src/Scheduling.java,Scheduling,SchedulingInit/0,price_Lbl,3
/home/x1/Desktop/ass/ass16/Cinema_Ticket_Booking_System-main/src/Scheduling.java,Scheduling,SchedulingInit/0,stime_txt,3
/home/x1/Desktop/ass/ass16/Cinema_Ticket_Booking_System-main/src/Scheduling.java,Scheduling,SchedulingInit/0,etime_txt,3
/home/x1/Desktop/ass/ass16/Cinema_Ticket_Booking_System-main/src/Scheduling.java,Scheduling,SchedulingInit/0,stime_Lbl,3
/home/x1/Desktop/ass/ass16/Cinema_Ticket_Booking_System-main/src/Scheduling.java,Scheduling,SchedulingInit/0,schedulingFr,14
/home/x1/Desktop/ass/ass16/Cinema_Ticket_Booking_System-main/src/Scheduling.java,Scheduling,SchedulingInit/0,datePicker,3
/home/x1/Desktop/ass/ass16/Cinema_Ticket_Booking_System-main/src/Scheduling.java,Scheduling,SchedulingInit/0,price_txt,3
/home/x1/Desktop/ass/ass16/Cinema_Ticket_Booking_System-main/src/Scheduling.java,Scheduling,SchedulingInit/0,date_Lbl,3
/home/x1/Desktop/ass/ass16/Cinema_Ticket_Booking_System-main/src/Scheduling.java,Scheduling,SchedulingInit/0,sHall,3
/home/x1/Desktop/ass/ass16/Cinema_Ticket_Booking_System-main/src/Scheduling.java,Scheduling,SchedulingInit/0,etime_Lbl,3
/home/x1/Desktop/ass/ass16/Cinema_Ticket_Booking_System-main/src/Scheduling.java,Scheduling$DateLabelFormatter,stringToValue/1[java.lang.String],dateFormatter,1
/home/x1/Desktop/ass/ass16/Cinema_Ticket_Booking_System-main/src/Scheduling.java,Scheduling$DateLabelFormatter,valueToString/1[java.lang.Object],dateFormatter,1
/home/x1/Desktop/ass/ass16/Cinema_Ticket_Booking_System-main/src/Admin.java,Admin,updateDashboard/0,dCon,4
/home/x1/Desktop/ass/ass16/Cinema_Ticket_Booking_System-main/src/Admin.java,Admin,updateDashboard/0,rs,12
/home/x1/Desktop/ass/ass16/Cinema_Ticket_Booking_System-main/src/Admin.java,Admin,updateDashboard/0,dashboardPnl,1
/home/x1/Desktop/ass/ass16/Cinema_Ticket_Booking_System-main/src/Admin.java,Admin,updateDashboard/0,scrollPane,2
/home/x1/Desktop/ass/ass16/Cinema_Ticket_Booking_System-main/src/Admin.java,Admin,updateDashboard/0,innerPanel,7
/home/x1/Desktop/ass/ass16/Cinema_Ticket_Booking_System-main/src/Admin.java,Admin,updateDashboard/0,icon,4
/home/x1/Desktop/ass/ass16/Cinema_Ticket_Booking_System-main/src/Admin.java,Admin,updateDashboard/0,hnd,2
/home/x1/Desktop/ass/ass16/Cinema_Ticket_Booking_System-main/src/Admin.java,Admin,initGUI/0,dCon,1
/home/x1/Desktop/ass/ass16/Cinema_Ticket_Booking_System-main/src/Admin.java,Admin,initGUI/0,dashboardPnl,9
/home/x1/Desktop/ass/ass16/Cinema_Ticket_Booking_System-main/src/Admin.java,Admin,initGUI/0,scrollPane,2
/home/x1/Desktop/ass/ass16/Cinema_Ticket_Booking_System-main/src/Admin.java,Admin,initGUI/0,userNameLbl,8
/home/x1/Desktop/ass/ass16/Cinema_Ticket_Booking_System-main/src/Admin.java,Admin,initGUI/0,innerPanel,4
/home/x1/Desktop/ass/ass16/Cinema_Ticket_Booking_System-main/src/Admin.java,Admin,initGUI/0,uName,1
/home/x1/Desktop/ass/ass16/Cinema_Ticket_Booking_System-main/src/Admin.java,Admin,initGUI/0,lOutBtn,9
/home/x1/Desktop/ass/ass16/Cinema_Ticket_Booking_System-main/src/Admin.java,Admin,initGUI/0,pswdBtn,9
/home/x1/Desktop/ass/ass16/Cinema_Ticket_Booking_System-main/src/Admin.java,Admin,initGUI/0,addBtn,9
/home/x1/Desktop/ass/ass16/Cinema_Ticket_Booking_System-main/src/Admin.java,Admin,initGUI/0,hnd,3
/home/x1/Desktop/ass/ass16/Cinema_Ticket_Booking_System-main/src/Admin.java,Admin,setData/1[java.lang.String],userNameLbl,1
/home/x1/Desktop/ass/ass16/Cinema_Ticket_Booking_System-main/src/Admin.java,Admin,setData/1[java.lang.String],uName,4
/home/x1/Desktop/ass/ass16/Cinema_Ticket_Booking_System-main/src/Admin.java,Admin,Admin/1[MainGUI.ButtonHandler],hnd,1
/home/x1/Desktop/ass/ass16/Cinema_Ticket_Booking_System-main/src/HomePage.java,HomePage,HomePage/1[MainGUI.ButtonHandler],hnd,1
/home/x1/Desktop/ass/ass16/Cinema_Ticket_Booking_System-main/src/HomePage.java,HomePage,updateHomePnl/0,dCon,2
/home/x1/Desktop/ass/ass16/Cinema_Ticket_Booking_System-main/src/HomePage.java,HomePage,updateHomePnl/0,rs,6
/home/x1/Desktop/ass/ass16/Cinema_Ticket_Booking_System-main/src/HomePage.java,HomePage,updateHomePnl/0,scrollPane,2
/home/x1/Desktop/ass/ass16/Cinema_Ticket_Booking_System-main/src/HomePage.java,HomePage,updateHomePnl/0,icon,2
/home/x1/Desktop/ass/ass16/Cinema_Ticket_Booking_System-main/src/HomePage.java,HomePage,updateHomePnl/0,innerPnl,5
/home/x1/Desktop/ass/ass16/Cinema_Ticket_Booking_System-main/src/HomePage.java,HomePage,updateHomePnl/0,mainPnl,1
/home/x1/Desktop/ass/ass16/Cinema_Ticket_Booking_System-main/src/HomePage.java,HomePage,updateHomePnl/0,hnd,1
/home/x1/Desktop/ass/ass16/Cinema_Ticket_Booking_System-main/src/HomePage.java,HomePage,updateOnSearch/0,dCon,2
/home/x1/Desktop/ass/ass16/Cinema_Ticket_Booking_System-main/src/HomePage.java,HomePage,updateOnSearch/0,rs,6
/home/x1/Desktop/ass/ass16/Cinema_Ticket_Booking_System-main/src/HomePage.java,HomePage,updateOnSearch/0,searchText,3
/home/x1/Desktop/ass/ass16/Cinema_Ticket_Booking_System-main/src/HomePage.java,HomePage,updateOnSearch/0,search,1
/home/x1/Desktop/ass/ass16/Cinema_Ticket_Booking_System-main/src/HomePage.java,HomePage,updateOnSearch/0,scrollPane,2
/home/x1/Desktop/ass/ass16/Cinema_Ticket_Booking_System-main/src/HomePage.java,HomePage,updateOnSearch/0,icon,2
/home/x1/Desktop/ass/ass16/Cinema_Ticket_Booking_System-main/src/HomePage.java,HomePage,updateOnSearch/0,innerPnl,7
/home/x1/Desktop/ass/ass16/Cinema_Ticket_Booking_System-main/src/HomePage.java,HomePage,updateOnSearch/0,mainPnl,1
/home/x1/Desktop/ass/ass16/Cinema_Ticket_Booking_System-main/src/HomePage.java,HomePage,updateOnSearch/0,homeReload,4
/home/x1/Desktop/ass/ass16/Cinema_Ticket_Booking_System-main/src/HomePage.java,HomePage,updateOnSearch/0,hnd,1
/home/x1/Desktop/ass/ass16/Cinema_Ticket_Booking_System-main/src/HomePage.java,HomePage,setName/1[java.lang.String],userNameLbl,1
/home/x1/Desktop/ass/ass16/Cinema_Ticket_Booking_System-main/src/HomePage.java,HomePage,initGUI/0,dCon,1
/home/x1/Desktop/ass/ass16/Cinema_Ticket_Booking_System-main/src/HomePage.java,HomePage,initGUI/0,dashBtn,10
/home/x1/Desktop/ass/ass16/Cinema_Ticket_Booking_System-main/src/HomePage.java,HomePage,initGUI/0,search,3
/home/x1/Desktop/ass/ass16/Cinema_Ticket_Booking_System-main/src/HomePage.java,HomePage,initGUI/0,scrollPane,2
/home/x1/Desktop/ass/ass16/Cinema_Ticket_Booking_System-main/src/HomePage.java,HomePage,initGUI/0,userNameLbl,7
/home/x1/Desktop/ass/ass16/Cinema_Ticket_Booking_System-main/src/HomePage.java,HomePage,initGUI/0,searchBtn,9
/home/x1/Desktop/ass/ass16/Cinema_Ticket_Booking_System-main/src/HomePage.java,HomePage,initGUI/0,innerPnl,3
/home/x1/Desktop/ass/ass16/Cinema_Ticket_Booking_System-main/src/HomePage.java,HomePage,initGUI/0,lOutBtn,10
/home/x1/Desktop/ass/ass16/Cinema_Ticket_Booking_System-main/src/HomePage.java,HomePage,initGUI/0,mainPnl,10
/home/x1/Desktop/ass/ass16/Cinema_Ticket_Booking_System-main/src/HomePage.java,HomePage,initGUI/0,homeReload,5
/home/x1/Desktop/ass/ass16/Cinema_Ticket_Booking_System-main/src/HomePage.java,HomePage,initGUI/0,hnd,4
/home/x1/Desktop/ass/ass16/Cinema_Ticket_Booking_System-main/src/ChangePass.java,ChangePass,initGUI/0,oldPassLbl,3
/home/x1/Desktop/ass/ass16/Cinema_Ticket_Booking_System-main/src/ChangePass.java,ChangePass,initGUI/0,confirm,5
/home/x1/Desktop/ass/ass16/Cinema_Ticket_Booking_System-main/src/ChangePass.java,ChangePass,initGUI/0,cancel,5
/home/x1/Desktop/ass/ass16/Cinema_Ticket_Booking_System-main/src/ChangePass.java,ChangePass,initGUI/0,newPass,3
/home/x1/Desktop/ass/ass16/Cinema_Ticket_Booking_System-main/src/ChangePass.java,ChangePass,initGUI/0,newPassLbl,3
/home/x1/Desktop/ass/ass16/Cinema_Ticket_Booking_System-main/src/ChangePass.java,ChangePass,initGUI/0,miniFrame,11
/home/x1/Desktop/ass/ass16/Cinema_Ticket_Booking_System-main/src/ChangePass.java,ChangePass,initGUI/0,oldPass,3
/home/x1/Desktop/ass/ass16/Cinema_Ticket_Booking_System-main/src/DataConnector.java,DataConnector,getMovieID/1[java.lang.String],stat,1
/home/x1/Desktop/ass/ass16/Cinema_Ticket_Booking_System-main/src/DataConnector.java,DataConnector,"addMovieRecord/4[java.lang.String,java.lang.String,java.lang.String,java.io.FileInputStream]",con,1
/home/x1/Desktop/ass/ass16/Cinema_Ticket_Booking_System-main/src/DataConnector.java,DataConnector,"confirmBooking/2[java.lang.String,java.lang.String]",con,1
/home/x1/Desktop/ass/ass16/Cinema_Ticket_Booking_System-main/src/DataConnector.java,DataConnector,"cancelBooking/2[java.lang.String,java.lang.String]",stat,1
/home/x1/Desktop/ass/ass16/Cinema_Ticket_Booking_System-main/src/DataConnector.java,DataConnector,getUserID/1[java.lang.String],rs,3
/home/x1/Desktop/ass/ass16/Cinema_Ticket_Booking_System-main/src/DataConnector.java,DataConnector,getUserID/1[java.lang.String],stat,1
/home/x1/Desktop/ass/ass16/Cinema_Ticket_Booking_System-main/src/DataConnector.java,DataConnector,getAllMoviesRecord/0,rs,2
/home/x1/Desktop/ass/ass16/Cinema_Ticket_Booking_System-main/src/DataConnector.java,DataConnector,getAllMoviesRecord/0,stat,1
/home/x1/Desktop/ass/ass16/Cinema_Ticket_Booking_System-main/src/DataConnector.java,DataConnector,getNumberOfTicketsForUser/1[java.lang.String],stat,1
/home/x1/Desktop/ass/ass16/Cinema_Ticket_Booking_System-main/src/DataConnector.java,DataConnector,getCountOfAllMovies/0,stat,1
/home/x1/Desktop/ass/ass16/Cinema_Ticket_Booking_System-main/src/DataConnector.java,DataConnector,getBookedMoviesRecords/1[java.lang.String],rs,2
/home/x1/Desktop/ass/ass16/Cinema_Ticket_Booking_System-main/src/DataConnector.java,DataConnector,getBookedMoviesRecords/1[java.lang.String],stat,1
/home/x1/Desktop/ass/ass16/Cinema_Ticket_Booking_System-main/src/DataConnector.java,DataConnector,getdMoviesDetailsBySchedual_ID/1[java.lang.String],rs,2
/home/x1/Desktop/ass/ass16/Cinema_Ticket_Booking_System-main/src/DataConnector.java,DataConnector,getdMoviesDetailsBySchedual_ID/1[java.lang.String],stat,1
/home/x1/Desktop/ass/ass16/Cinema_Ticket_Booking_System-main/src/DataConnector.java,DataConnector,deleteMovie/1[java.lang.String],stat,1
/home/x1/Desktop/ass/ass16/Cinema_Ticket_Booking_System-main/src/DataConnector.java,DataConnector,"updatePassword/3[java.lang.String,java.lang.String,java.lang.String]",stat,1
/home/x1/Desktop/ass/ass16/Cinema_Ticket_Booking_System-main/src/DataConnector.java,DataConnector,"addToSchedual/6[java.lang.String,java.lang.String,java.lang.String,java.lang.String,java.lang.String,java.lang.String]",con,1
/home/x1/Desktop/ass/ass16/Cinema_Ticket_Booking_System-main/src/DataConnector.java,DataConnector,getNumberOfMoviesTobePlayed/0,stat,1
/home/x1/Desktop/ass/ass16/Cinema_Ticket_Booking_System-main/src/DataConnector.java,DataConnector,DataConnector/0,stat,1
/home/x1/Desktop/ass/ass16/Cinema_Ticket_Booking_System-main/src/DataConnector.java,DataConnector,DataConnector/0,con,2
/home/x1/Desktop/ass/ass16/Cinema_Ticket_Booking_System-main/src/DataConnector.java,DataConnector,"getUserName/2[java.lang.String,java.lang.String]",rs,3
/home/x1/Desktop/ass/ass16/Cinema_Ticket_Booking_System-main/src/DataConnector.java,DataConnector,"getUserName/2[java.lang.String,java.lang.String]",stat,1
/home/x1/Desktop/ass/ass16/Cinema_Ticket_Booking_System-main/src/DataConnector.java,DataConnector,getNumberOfSearchResults/1[java.lang.String],stat,1
/home/x1/Desktop/ass/ass16/Cinema_Ticket_Booking_System-main/src/DataConnector.java,DataConnector,"addUserRecord/4[java.lang.String,java.lang.String,java.lang.String,java.lang.String]",stat,1
/home/x1/Desktop/ass/ass16/Cinema_Ticket_Booking_System-main/src/DataConnector.java,DataConnector,getMoviesDetailsByMovie_ID/1[java.lang.String],rs,2
/home/x1/Desktop/ass/ass16/Cinema_Ticket_Booking_System-main/src/DataConnector.java,DataConnector,getMoviesDetailsByMovie_ID/1[java.lang.String],stat,1
/home/x1/Desktop/ass/ass16/Cinema_Ticket_Booking_System-main/src/DataConnector.java,DataConnector,getHallsName/0,rs,2
/home/x1/Desktop/ass/ass16/Cinema_Ticket_Booking_System-main/src/DataConnector.java,DataConnector,getHallsName/0,stat,1
/home/x1/Desktop/ass/ass16/Cinema_Ticket_Booking_System-main/src/DataConnector.java,DataConnector,isAdmin/1[java.lang.String],stat,1
/home/x1/Desktop/ass/ass16/Cinema_Ticket_Booking_System-main/src/DataConnector.java,DataConnector,getUserName/1[int],rs,3
/home/x1/Desktop/ass/ass16/Cinema_Ticket_Booking_System-main/src/DataConnector.java,DataConnector,getUserName/1[int],stat,1
/home/x1/Desktop/ass/ass16/Cinema_Ticket_Booking_System-main/src/DataConnector.java,DataConnector,getScheduledMoviesRecords/0,rs,2
/home/x1/Desktop/ass/ass16/Cinema_Ticket_Booking_System-main/src/DataConnector.java,DataConnector,getScheduledMoviesRecords/0,stat,1
/home/x1/Desktop/ass/ass16/Cinema_Ticket_Booking_System-main/src/DataConnector.java,DataConnector,getSearchedMovie/1[java.lang.String],rs,2
/home/x1/Desktop/ass/ass16/Cinema_Ticket_Booking_System-main/src/DataConnector.java,DataConnector,getSearchedMovie/1[java.lang.String],stat,1
/home/x1/Desktop/ass/ass16/Cinema_Ticket_Booking_System-main/src/MovieDetails.java,MovieDetails,initMovieDetails/0,MDetailsFr,5
/home/x1/Desktop/ass/ass16/Cinema_Ticket_Booking_System-main/src/AddMovie.java,AddMovie,initGUI/0,titleTextField,3
/home/x1/Desktop/ass/ass16/Cinema_Ticket_Booking_System-main/src/AddMovie.java,AddMovie,initGUI/0,preview,4
/home/x1/Desktop/ass/ass16/Cinema_Ticket_Booking_System-main/src/AddMovie.java,AddMovie,initGUI/0,cancel,5
/home/x1/Desktop/ass/ass16/Cinema_Ticket_Booking_System-main/src/AddMovie.java,AddMovie,initGUI/0,durationLbl,3
/home/x1/Desktop/ass/ass16/Cinema_Ticket_Booking_System-main/src/AddMovie.java,AddMovie,initGUI/0,genereTextField,3
/home/x1/Desktop/ass/ass16/Cinema_Ticket_Booking_System-main/src/AddMovie.java,AddMovie,initGUI/0,genereLbl,3
/home/x1/Desktop/ass/ass16/Cinema_Ticket_Booking_System-main/src/AddMovie.java,AddMovie,initGUI/0,durationTextField,3
/home/x1/Desktop/ass/ass16/Cinema_Ticket_Booking_System-main/src/AddMovie.java,AddMovie,initGUI/0,addRecordBtn,5
/home/x1/Desktop/ass/ass16/Cinema_Ticket_Booking_System-main/src/AddMovie.java,AddMovie,initGUI/0,titleLbl,3
/home/x1/Desktop/ass/ass16/Cinema_Ticket_Booking_System-main/src/AddMovie.java,AddMovie,initGUI/0,miniFrame,15
/home/x1/Desktop/ass/ass16/Cinema_Ticket_Booking_System-main/src/AddMovie.java,AddMovie,initGUI/0,choosePhoto,5
